CREATE TABLE USERS (
  ID_USER int(11) NOT NULL AUTO_INCREMENT,
  ID_COUNTRY int(11) NOT NULL,
  ID_PROVINCE int(11) NOT NULL,
  ID_CITY int(11) NOT NULL,
  ID_BIRTHDAY_COUNTRY int(11) DEFAULT NULL,
  ID_BIRTHDAY_PROVINCE int(11) DEFAULT NULL,
  ID_BIRTHDAY_CITY int(11) DEFAULT NULL,
  ID_NATIONALITY_COUNTRY int(11) DEFAULT NULL,
  ID_PLAYER_ROLE int(11) DEFAULT NULL,
  ID_FAVOURITE_FOOTBALL_TEAM int(11) DEFAULT NULL,
  ID_PLAYER_FOOT int(11) DEFAULT NULL,
  ID_PHYSICAL_CONDITION int(11) DEFAULT NULL,
  EMAIL varchar(200) NOT NULL,
  PHYSICAL_CONDITION_DETAIL varchar(200) DEFAULT NULL,
  PASSWORD varchar(200) DEFAULT NULL,
  FIRST_NAME varchar(200) NOT NULL,
  LAST_NAME varchar(200) NOT NULL,
  BIRTHDAY datetime DEFAULT NULL,
  ADDRESS varchar(200) DEFAULT NULL,
  CAP varchar(200) DEFAULT NULL,
  MOBILE varchar(200) DEFAULT NULL,
  TELEPHONE varchar(200) DEFAULT NULL,
  SEX varchar(20) NOT NULL,
  PLAYER_HEIGHT int(11) DEFAULT NULL,
  PLAYER_WEIGHT int(11) DEFAULT NULL,
  PLAYER_TITLE varchar(200) DEFAULT NULL,
  PLAYER_MAIN_FEATURE varchar(200) DEFAULT NULL,
  PLAYER_SHIRT_NUMBER int(11) DEFAULT NULL,
  INFO_FAVOURITE_PLAYER varchar(200) DEFAULT NULL,
  INFO_HOBBY varchar(200) DEFAULT NULL,
  INFO_DREAM varchar(200) DEFAULT NULL,
  INFO_ANNOUNCE varchar(250) DEFAULT NULL,
  MARKET_ENABLED tinyint(4) NOT NULL DEFAULT '1',
  GENERAL_TERMS_ACCEPTED tinyint(4) NOT NULL,
  PRIVACY_ACCEPTED tinyint(4) NOT NULL,
  NEWSLETTER_ENABLED tinyint(4) NOT NULL DEFAULT '0',
  ORGANIZE_ENABLED tinyint(4) DEFAULT '0',
  LAST_IP varchar(200) DEFAULT NULL,
  LAST_LOGIN datetime DEFAULT NULL,
  PREV_LOGIN datetime DEFAULT NULL,
  LAST_VISIT_MESSAGES datetime DEFAULT NULL,
  PREV_VISIT_MESSAGES datetime DEFAULT NULL,
  THIRD_ORGANIZED_MATCH datetime DEFAULT NULL,
  USER_STATUS varchar(20) DEFAULT NULL,
  FORUM_NICKNAME varchar(200) DEFAULT NULL,
  ALERT_ON_MESSAGES tinyint(4) DEFAULT NULL,
  ALERT_ON_SQUAD_REQUEST tinyint(4) DEFAULT '1',
  ALERT_ON_SQUAD_INSERT tinyint(4) DEFAULT '0',
  ALERT_ON_REGISTRATION_START tinyint(4) DEFAULT '1',
  ALERT_ON_CHANGES tinyint(4) DEFAULT '1',
  ALERT_ON_SQUAD_OUT_ACCEPTED tinyint(4) DEFAULT '1',
  ALERT_ON_REPORT_CREATED tinyint(4) DEFAULT '1',
  ANONYMOUS_ENABLED tinyint(4) DEFAULT NULL,
  RECORDED_MATCHES int(11) NOT NULL DEFAULT '0',
  RECORDED_CHALLENGES int(11) NOT NULL DEFAULT '0',
  CHECK_PENDING varchar(200) DEFAULT NULL,
  CHECK_PASSWORD varchar(200) DEFAULT NULL,
  CHECK_PASSWORD_EXPIRE datetime DEFAULT NULL,
  CREATED datetime NOT NULL,
  MAX_INVITATIONS int(11) NOT NULL DEFAULT '0',
  INVITED_BY varchar(50) DEFAULT NULL,
  PLAYED_MATCHES int(11) NOT NULL DEFAULT '0',
  PLAYED_CHALLENGES int(11) NOT NULL DEFAULT '0',
  FACEBOOK_ID_USER varchar(200) DEFAULT NULL,
  FACEBOOK_ACCESS_TOKEN varchar(1000) DEFAULT NULL,
  FACEBOOK_POST_ON_MATCH_CREATION tinyint(4) NOT NULL DEFAULT '1',
  FACEBOOK_POST_ON_MATCH_REGISTRATION tinyint(4) NOT NULL DEFAULT '1',
  FACEBOOK_POST_ON_MATCH_RECORDED tinyint(4) NOT NULL DEFAULT '1',
  COBRAND_CODE varchar(200) DEFAULT NULL,
  PREV_WAKEUP_EMAIL_SENT DATETIME,
  ALERT_ON_WAKE_UP TINYINT(1),
  PRIMARY KEY (ID_USER)
) ENGINE=InnoDB AUTO_INCREMENT=2252 DEFAULT CHARSET=utf8;


INSERT INTO USERS (ID_USER,ID_COUNTRY,ID_PROVINCE,ID_CITY,ID_BIRTHDAY_COUNTRY,ID_BIRTHDAY_PROVINCE,ID_BIRTHDAY_CITY,ID_NATIONALITY_COUNTRY,ID_PLAYER_ROLE,ID_FAVOURITE_FOOTBALL_TEAM,ID_PLAYER_FOOT,ID_PHYSICAL_CONDITION,EMAIL,PHYSICAL_CONDITION_DETAIL,PASSWORD,FIRST_NAME,LAST_NAME,BIRTHDAY,ADDRESS,CAP,MOBILE,TELEPHONE,SEX,PLAYER_HEIGHT,PLAYER_WEIGHT,PLAYER_TITLE,PLAYER_MAIN_FEATURE,PLAYER_SHIRT_NUMBER,INFO_FAVOURITE_PLAYER,INFO_HOBBY,INFO_DREAM,INFO_ANNOUNCE,MARKET_ENABLED,GENERAL_TERMS_ACCEPTED,PRIVACY_ACCEPTED,NEWSLETTER_ENABLED,ORGANIZE_ENABLED,LAST_IP,LAST_LOGIN,PREV_LOGIN,LAST_VISIT_MESSAGES,PREV_VISIT_MESSAGES,THIRD_ORGANIZED_MATCH,USER_STATUS,FORUM_NICKNAME,ALERT_ON_MESSAGES,ALERT_ON_SQUAD_REQUEST,ALERT_ON_SQUAD_INSERT,ALERT_ON_REGISTRATION_START,ALERT_ON_CHANGES,ALERT_ON_SQUAD_OUT_ACCEPTED,ALERT_ON_REPORT_CREATED,ANONYMOUS_ENABLED,RECORDED_MATCHES,RECORDED_CHALLENGES,CHECK_PENDING,CHECK_PASSWORD,CHECK_PASSWORD_EXPIRE,CREATED,MAX_INVITATIONS,INVITED_BY,PLAYED_MATCHES,PLAYED_CHALLENGES,FACEBOOK_ID_USER,FACEBOOK_ACCESS_TOKEN,FACEBOOK_POST_ON_MATCH_CREATION,FACEBOOK_POST_ON_MATCH_REGISTRATION,FACEBOOK_POST_ON_MATCH_RECORDED,COBRAND_CODE,PREV_WAKEUP_EMAIL_SENT,ALERT_ON_WAKE_UP) VALUES (1,107,15,1813,107,15,1813,107,2,17,1,3,'rizzo.vittorio@gmail.com',NULL,'preview','Vittorio','Rizzo','1977-06-03 00:00:00',NULL,'20100','3476528137',NULL,'M',178,71,'LAughentaler sardo','Organizzatore incallito',3,'Diego Armando Maradona','Musica, viaggiare','Play More!','Terzino in grado di giocare su entrambe le fasce con buona generosità e determinazione agonistica. Non rinuncia agli sganciamenti offensivi nei quali sa trovare la via del gol con una certa dose di opportunismo.',1,1,1,1,1,'2.225.130.130','2013-03-26 09:57:25','2012-12-20 19:22:22',NULL,NULL,NULL,'ENABLED',NULL,0,1,1,1,1,1,1,0,14,0,NULL,NULL,NULL,'2010-02-25 19:43:41',1000,NULL,83,0,'100003499868314','AAAD6TjOZB5E4BAIzGK1v2oTzQly1xusYd3vZBxn1Blk6tVWHjZAZC3LLPERoRa08JnUOKJB70FpsqE4UtXndicB636iVeQ6KP50FZCQjXvAZDZD',1,1,1,'GOKICK','2014-11-15 00:00:00',1);



CREATE TABLE `COBRANDS` (
  `ID_COBRAND` int(11) NOT NULL AUTO_INCREMENT,
  `CODE` varchar(200) NOT NULL,
  `DOMAIN` varchar(200) NOT NULL,
  `SITE_URL` varchar(200) NOT NULL,
  `GATEWAY_URL` varchar(200) NOT NULL,
  `GOOGLE_ANALYTICS_KEY` varchar(200) DEFAULT NULL,
  `HOME_PAGE_URL` varchar(200) NOT NULL,
  `TYPE` varchar(200) NOT NULL,
  `FACEBOOK_APP_ID` varchar(200) DEFAULT NULL,
  `FACEBOOK_APP_CODE` varchar(200) DEFAULT NULL,
  PRIMARY KEY (`ID_COBRAND`)
)  ;

CREATE TABLE `COUNTRIES` (
  `ID_COUNTRY` int(11) NOT NULL AUTO_INCREMENT,
  `NAME` varchar(200) NOT NULL,
  `POSITION` int(11) NOT NULL DEFAULT '99',
  `TOT_USERS` int(11) NOT NULL DEFAULT '0',
  PRIMARY KEY (`ID_COUNTRY`)) ;
INSERT INTO `COUNTRIES` (`ID_COUNTRY`,  `NAME`, `POSITION`, `TOT_USERS`) VALUES   (107,  'Italy',    99,   20  );

CREATE TABLE `PROVINCES` (
  `ID_PROVINCE` int(11) NOT NULL AUTO_INCREMENT,
  `ID_COUNTRY` int(11) NOT NULL,
  `NAME` varchar(200) NOT NULL,
  `ABBREVIATION` varchar(200) NOT NULL,
  `TOT_USERS` int(11) NOT NULL DEFAULT '0',
  PRIMARY KEY (`ID_PROVINCE`));

INSERT INTO `PROVINCES` (`ID_PROVINCE`, `ID_COUNTRY`, `NAME`, `ABBREVIATION`, `TOT_USERS`)VALUES  (    15, 107,   'Milano',   'MI',   20  );

CREATE TABLE `CITIES` (
  `ID_CITY` int(11) NOT NULL AUTO_INCREMENT,
  `ID_PROVINCE` int(11) NOT NULL,
  `NAME` varchar(200) NOT NULL,
  `TOT_USERS` int(11) NOT NULL DEFAULT '0',
  PRIMARY KEY (`ID_CITY`)
);

INSERT INTO `CITIES`(`ID_CITY`, `ID_PROVINCE`, `NAME`, `TOT_USERS`)VALUES  (1813, 107, 'Milano', 20);

CREATE TABLE `MATCHES` (
  `ID_MATCH` int(11) NOT NULL AUTO_INCREMENT,
  `ID_USER_OWNER` int(11) NOT NULL,
  `ID_SPORTS_CENTER` int(11) NOT NULL,
  `ID_MATCH_TYPE` int(11) NOT NULL,
  `EMAIL_USER_OWNER` varchar(200) DEFAULT NULL,
  `MOBILE_USER_OWNER` varchar(200) DEFAULT NULL,
  `MATCH_START` datetime NOT NULL,
  `NOTES` text NOT NULL,
  `MAX_PLAYERS` int(11) NOT NULL,
  `SQUAD_OUT_ENABLED` tinyint(4) NOT NULL,
  `DIRECTLY_REGISTRATION` tinyint(4) NOT NULL,
  `MAX_SQUAD_OUT_PLAYERS` int(11) NOT NULL DEFAULT '1',
  `ACCEPT_TERMINATION` tinyint(4) NOT NULL,
  `ACCEPT_TERMINATION_LIMIT` datetime DEFAULT NULL,
  `REGISTRATION_START` datetime DEFAULT NULL,
  `REGISTRATION_CLOSED` tinyint(4) NOT NULL,
  `SPORTS_CENTER_NAME` varchar(200) DEFAULT NULL,
  `SPORTS_CENTER_ADDRESS` varchar(200) DEFAULT NULL,
  `SPORTS_CENTER_CITY` varchar(200) DEFAULT NULL,
  `TEAM_NAME_ONE` varchar(200) DEFAULT NULL,
  `TEAM_NAME_TWO` varchar(200) DEFAULT NULL,
  `TEAM_SHIRT_ONE` varchar(200) DEFAULT NULL,
  `TEAM_SHIRT_TWO` varchar(200) DEFAULT NULL,
  `TEAM_GOALS_ONE` int(11) DEFAULT NULL,
  `TEAM_GOALS_TWO` int(11) DEFAULT NULL,
  `COMMENT` text,
  `RECORDED` tinyint(4) NOT NULL,
  `RECORDED_DATE` datetime DEFAULT NULL,
  `CANCELED` tinyint(4) NOT NULL DEFAULT '0',
  `CREATED` datetime DEFAULT NULL,
  `NOTIFIED` tinyint(4) NOT NULL DEFAULT '1',
  `LAST_COMMENT` datetime DEFAULT NULL,
  PRIMARY KEY (`ID_MATCH`)) ;

CREATE TABLE `MATCH_TYPES` (
  `ID_MATCH_TYPE` int(11) NOT NULL AUTO_INCREMENT,
  `LABEL` varchar(200) NOT NULL,
  `KEY_NAME` varchar(200) NOT NULL,
  `POSITION` int(11) NOT NULL DEFAULT '0',
  `TOT_TEAM_PLAYERS` int(11) NOT NULL DEFAULT '0',
  PRIMARY KEY (`ID_MATCH_TYPE`));

INSERT INTO `MATCH_TYPES` (`ID_MATCH_TYPE`,`LABEL`,`KEY_NAME`,`POSITION`,`TOT_TEAM_PLAYERS`) VALUES (1,'','label.matchType.1vs1',1,2);
INSERT INTO `MATCH_TYPES` (`ID_MATCH_TYPE`,`LABEL`,`KEY_NAME`,`POSITION`,`TOT_TEAM_PLAYERS`) VALUES (2,'','label.matchType.2vs2',2,4);
INSERT INTO `MATCH_TYPES` (`ID_MATCH_TYPE`,`LABEL`,`KEY_NAME`,`POSITION`,`TOT_TEAM_PLAYERS`) VALUES (3,'','label.matchType.3vs3',3,6);
INSERT INTO `MATCH_TYPES` (`ID_MATCH_TYPE`,`LABEL`,`KEY_NAME`,`POSITION`,`TOT_TEAM_PLAYERS`) VALUES (4,'','label.matchType.4vs4',4,8);
INSERT INTO `MATCH_TYPES` (`ID_MATCH_TYPE`,`LABEL`,`KEY_NAME`,`POSITION`,`TOT_TEAM_PLAYERS`) VALUES (5,'','label.matchType.5vs5',5,10);
INSERT INTO `MATCH_TYPES` (`ID_MATCH_TYPE`,`LABEL`,`KEY_NAME`,`POSITION`,`TOT_TEAM_PLAYERS`) VALUES (6,'','label.matchType.6vs6',6,12);
INSERT INTO `MATCH_TYPES` (`ID_MATCH_TYPE`,`LABEL`,`KEY_NAME`,`POSITION`,`TOT_TEAM_PLAYERS`) VALUES (7,'','label.matchType.7vs7',7,14);
INSERT INTO `MATCH_TYPES` (`ID_MATCH_TYPE`,`LABEL`,`KEY_NAME`,`POSITION`,`TOT_TEAM_PLAYERS`) VALUES (8,'','label.matchType.8vs8',8,16);
INSERT INTO `MATCH_TYPES` (`ID_MATCH_TYPE`,`LABEL`,`KEY_NAME`,`POSITION`,`TOT_TEAM_PLAYERS`) VALUES (9,'','label.matchType.9vs9',9,18);
INSERT INTO `MATCH_TYPES` (`ID_MATCH_TYPE`,`LABEL`,`KEY_NAME`,`POSITION`,`TOT_TEAM_PLAYERS`) VALUES (10,'','label.matchType.10vs10',10,20);
INSERT INTO `MATCH_TYPES` (`ID_MATCH_TYPE`,`LABEL`,`KEY_NAME`,`POSITION`,`TOT_TEAM_PLAYERS`) VALUES (11,'','label.matchType.11vs11',11,22);

CREATE TABLE `SPORTS_CENTERS` (
  `ID_SPORTS_CENTER` int(11) NOT NULL AUTO_INCREMENT,
  `ID_COUNTRY` int(11) NOT NULL,
  `ID_PROVINCE` int(11) NOT NULL,
  `ID_CITY` int(11) NOT NULL,
  `ID_USER_AUTHOR` int(11) DEFAULT NULL,
  `NAME` varchar(200) NOT NULL,
  `ADDRESS` varchar(50) NOT NULL,
  `CAP` varchar(200) DEFAULT NULL,
  `TELEPHONE` varchar(50) NOT NULL,
  `WEB_SITE` varchar(255) NOT NULL,
  `EMAIL` varchar(200) DEFAULT NULL,
  `LATITUDE` decimal(20,10) DEFAULT NULL,
  `LONGITUDE` decimal(20,10) DEFAULT NULL,
  `CONVENTION_FROM` datetime DEFAULT NULL,
  `CONVENTION_TO` datetime DEFAULT NULL,
  `DESCRIPTION` text NOT NULL,
  `TRANSPORTS` text NOT NULL,
  `PROMO` text NOT NULL,
  `APPROVED` tinyint(4) NOT NULL DEFAULT '0',
  `ENABLED` tinyint(4) NOT NULL DEFAULT '1',
  `CHANGED` datetime DEFAULT NULL,
  `CREATED` datetime NOT NULL,
  PRIMARY KEY (`ID_SPORTS_CENTER`));

INSERT INTO `SPORTS_CENTERS` (`ID_SPORTS_CENTER`,`ID_COUNTRY`,`ID_PROVINCE`,`ID_CITY`,`ID_USER_AUTHOR`,`NAME`,`ADDRESS`,`CAP`,`TELEPHONE`,`WEB_SITE`,`EMAIL`,`LATITUDE`,`LONGITUDE`,`CONVENTION_FROM`,`CONVENTION_TO`,`DESCRIPTION`,`TRANSPORTS`,`PROMO`,`APPROVED`,`ENABLED`,`CHANGED`,`CREATED`) VALUES (36,107,15,1813,1,'Tennis Club Ambrosiano','via Feltre 33','','02 26414392','www.tcambrosiano.com','info@tcambrosiano.com',NULL,NULL,NULL,NULL,'','','',1,1,NULL,'2010-02-25 23:56:25');
INSERT INTO `SPORTS_CENTERS` (`ID_SPORTS_CENTER`,`ID_COUNTRY`,`ID_PROVINCE`,`ID_CITY`,`ID_USER_AUTHOR`,`NAME`,`ADDRESS`,`CAP`,`TELEPHONE`,`WEB_SITE`,`EMAIL`,`LATITUDE`,`LONGITUDE`,`CONVENTION_FROM`,`CONVENTION_TO`,`DESCRIPTION`,`TRANSPORTS`,`PROMO`,`APPROVED`,`ENABLED`,`CHANGED`,`CREATED`) VALUES (31,107,15,1813,1,'Palauno','largo Balestra 5','','02 4235448','www.palauno.it','palauno@palauno.it ',NULL,NULL,NULL,NULL,'','','',1,1,NULL,'2010-02-26 00:04:59');
INSERT INTO `SPORTS_CENTERS` (`ID_SPORTS_CENTER`,`ID_COUNTRY`,`ID_PROVINCE`,`ID_CITY`,`ID_USER_AUTHOR`,`NAME`,`ADDRESS`,`CAP`,`TELEPHONE`,`WEB_SITE`,`EMAIL`,`LATITUDE`,`LONGITUDE`,`CONVENTION_FROM`,`CONVENTION_TO`,`DESCRIPTION`,`TRANSPORTS`,`PROMO`,`APPROVED`,`ENABLED`,`CHANGED`,`CREATED`) VALUES (33,107,15,1813,1,'Centro Sportivo Crespi','via Valvassori Peroni 48','','02 2361066','www.milanosport.it','',NULL,NULL,NULL,NULL,'','','',1,1,NULL,'2010-02-26 00:19:14');


CREATE TABLE `PITCHES` (
  `ID_PITCH` int(11) NOT NULL AUTO_INCREMENT,
  `ID_SPORTS_CENTER` int(11) NOT NULL,
  `ID_PITCH_COVER` int(11) NOT NULL,
  `ID_PITCH_GROUND` int(11) NOT NULL,
  `ID_PITCH_TYPE` int(11) NOT NULL,
  `ID_MATCH_TYPE` int(11) NOT NULL,
  PRIMARY KEY (`ID_PITCH`));

CREATE TABLE `PITCH_COVERS` (
  `ID_PITCH_COVER` int(11) NOT NULL AUTO_INCREMENT,
  `LABEL` varchar(200) NOT NULL,
  `KEY_NAME` varchar(200) NOT NULL,
  `POSITION` int(11) NOT NULL DEFAULT '0',
  PRIMARY KEY (`ID_PITCH_COVER`)
) ;

CREATE TABLE `PITCH_GROUNDS` (
  `ID_PITCH_GROUND` int(11) NOT NULL AUTO_INCREMENT,
  `LABEL` varchar(20) NOT NULL,
  `KEY_NAME` varchar(200) NOT NULL,
  `POSITION` int(11) NOT NULL DEFAULT '0',
  PRIMARY KEY (`ID_PITCH_GROUND`)
) ;

CREATE TABLE `PITCH_TYPES` (
  `ID_PITCH_TYPE` int(11) NOT NULL AUTO_INCREMENT,
  `LABEL` varchar(20) NOT NULL,
  `KEY_NAME` varchar(200) NOT NULL,
  `POSITION` int(11) NOT NULL DEFAULT '0',
  PRIMARY KEY (`ID_PITCH_TYPE`));


INSERT INTO `MATCHES` (`ID_MATCH`,`ID_USER_OWNER`,`ID_SPORTS_CENTER`,`ID_MATCH_TYPE`,`EMAIL_USER_OWNER`,`MOBILE_USER_OWNER`,`MATCH_START`,`NOTES`,`MAX_PLAYERS`,`SQUAD_OUT_ENABLED`,`DIRECTLY_REGISTRATION`,`MAX_SQUAD_OUT_PLAYERS`,`ACCEPT_TERMINATION`,`ACCEPT_TERMINATION_LIMIT`,`REGISTRATION_START`,`REGISTRATION_CLOSED`,`SPORTS_CENTER_NAME`,`SPORTS_CENTER_ADDRESS`,`SPORTS_CENTER_CITY`,`TEAM_NAME_ONE`,`TEAM_NAME_TWO`,`TEAM_SHIRT_ONE`,`TEAM_SHIRT_TWO`,`TEAM_GOALS_ONE`,`TEAM_GOALS_TWO`,`COMMENT`,`RECORDED`,`RECORDED_DATE`,`CANCELED`,`CREATED`,`NOTIFIED`,`LAST_COMMENT`) VALUES (7887,2225,36,11,NULL,'3494469492','2014-12-11 20:30:00','10° giornata Campionato Provinciale SPORTLAND. Gokick.org Archingegno vs A.I.M.B.',22,1,0,0,0,NULL,NULL,1,'A.S. Calvairate','via Vismara 3','Milano (MI)',NULL,NULL,NULL,NULL,NULL,NULL,NULL,0,NULL,0,'2014-10-01 15:13:53',1,'2014-12-05 13:58:11');
INSERT INTO `MATCHES` (`ID_MATCH`,`ID_USER_OWNER`,`ID_SPORTS_CENTER`,`ID_MATCH_TYPE`,`EMAIL_USER_OWNER`,`MOBILE_USER_OWNER`,`MATCH_START`,`NOTES`,`MAX_PLAYERS`,`SQUAD_OUT_ENABLED`,`DIRECTLY_REGISTRATION`,`MAX_SQUAD_OUT_PLAYERS`,`ACCEPT_TERMINATION`,`ACCEPT_TERMINATION_LIMIT`,`REGISTRATION_START`,`REGISTRATION_CLOSED`,`SPORTS_CENTER_NAME`,`SPORTS_CENTER_ADDRESS`,`SPORTS_CENTER_CITY`,`TEAM_NAME_ONE`,`TEAM_NAME_TWO`,`TEAM_SHIRT_ONE`,`TEAM_SHIRT_TWO`,`TEAM_GOALS_ONE`,`TEAM_GOALS_TWO`,`COMMENT`,`RECORDED`,`RECORDED_DATE`,`CANCELED`,`CREATED`,`NOTIFIED`,`LAST_COMMENT`) VALUES (7888,2225,36,11,NULL,'3494469492','2014-12-18 21:15:00','11° giornata Campionato Provinciale SPORTLAND. Gokick.org Archingegno vs Patatinaikos',22,1,0,0,0,NULL,NULL,1,'A.S.D. REAL MILANO','via leopardi, 11','Vimodrone (MI)',NULL,NULL,NULL,NULL,NULL,NULL,NULL,0,NULL,0,'2014-10-01 15:40:47',1,'2014-10-01 15:41:09');
INSERT INTO `MATCHES` (`ID_MATCH`,`ID_USER_OWNER`,`ID_SPORTS_CENTER`,`ID_MATCH_TYPE`,`EMAIL_USER_OWNER`,`MOBILE_USER_OWNER`,`MATCH_START`,`NOTES`,`MAX_PLAYERS`,`SQUAD_OUT_ENABLED`,`DIRECTLY_REGISTRATION`,`MAX_SQUAD_OUT_PLAYERS`,`ACCEPT_TERMINATION`,`ACCEPT_TERMINATION_LIMIT`,`REGISTRATION_START`,`REGISTRATION_CLOSED`,`SPORTS_CENTER_NAME`,`SPORTS_CENTER_ADDRESS`,`SPORTS_CENTER_CITY`,`TEAM_NAME_ONE`,`TEAM_NAME_TWO`,`TEAM_SHIRT_ONE`,`TEAM_SHIRT_TWO`,`TEAM_GOALS_ONE`,`TEAM_GOALS_TWO`,`COMMENT`,`RECORDED`,`RECORDED_DATE`,`CANCELED`,`CREATED`,`NOTIFIED`,`LAST_COMMENT`) VALUES (7951,3129,36,11,NULL,'3206412252','2015-04-17 14:00:00','SI VA IN CROCIERA?',22,1,1,22,0,NULL,NULL,0,'CROCIERA BARCELLONA','via boscovich 14','Milano (MI)',NULL,NULL,NULL,NULL,NULL,NULL,NULL,0,NULL,0,'2014-10-10 16:30:26',1,'2014-10-28 07:28:51');
INSERT INTO `MATCHES` (`ID_MATCH`,`ID_USER_OWNER`,`ID_SPORTS_CENTER`,`ID_MATCH_TYPE`,`EMAIL_USER_OWNER`,`MOBILE_USER_OWNER`,`MATCH_START`,`NOTES`,`MAX_PLAYERS`,`SQUAD_OUT_ENABLED`,`DIRECTLY_REGISTRATION`,`MAX_SQUAD_OUT_PLAYERS`,`ACCEPT_TERMINATION`,`ACCEPT_TERMINATION_LIMIT`,`REGISTRATION_START`,`REGISTRATION_CLOSED`,`SPORTS_CENTER_NAME`,`SPORTS_CENTER_ADDRESS`,`SPORTS_CENTER_CITY`,`TEAM_NAME_ONE`,`TEAM_NAME_TWO`,`TEAM_SHIRT_ONE`,`TEAM_SHIRT_TWO`,`TEAM_GOALS_ONE`,`TEAM_GOALS_TWO`,`COMMENT`,`RECORDED`,`RECORDED_DATE`,`CANCELED`,`CREATED`,`NOTIFIED`,`LAST_COMMENT`) VALUES (7983,10,36,5,NULL,'+393496085376','2014-12-24 14:00:00','Glamour Xmas: quadrangolare, auguri e brindisi! La classica partita di Natale GoKick nel nostro amato centro PlayMore Moscova!',20,1,1,20,0,NULL,NULL,0,'Centro Sportivo PlayMore! Moscova','Via della Moscova, 26','Milano (MI)',NULL,NULL,NULL,NULL,NULL,NULL,NULL,0,NULL,0,'2014-10-15 15:16:46',1,'2014-12-07 20:33:00');

CREATE TABLE `LANGUAGES` (
  `ID_LANGUAGE` int(11) NOT NULL,
  `LANGUAGE` char(2) NOT NULL,
  `LABEL` varchar(200) NOT NULL,
  `LOCALE` varchar(200) NOT NULL,
  `POSITION` int(11) NOT NULL DEFAULT '0',
  `ENABLED` tinyint(4) NOT NULL DEFAULT '1',
  PRIMARY KEY (`LANGUAGE`));

INSERT INTO `LANGUAGES` (`ID_LANGUAGE`,`LANGUAGE`,`LABEL`,`LOCALE`,`POSITION`,`ENABLED`) VALUES (5,'de','Deutsch','de_DE',5,1);
INSERT INTO `LANGUAGES` (`ID_LANGUAGE`,`LANGUAGE`,`LABEL`,`LOCALE`,`POSITION`,`ENABLED`) VALUES (2,'en','English','en_UK',2,1);
INSERT INTO `LANGUAGES` (`ID_LANGUAGE`,`LANGUAGE`,`LABEL`,`LOCALE`,`POSITION`,`ENABLED`) VALUES (4,'es','Español','es_ES',4,1);
INSERT INTO `LANGUAGES` (`ID_LANGUAGE`,`LANGUAGE`,`LABEL`,`LOCALE`,`POSITION`,`ENABLED`) VALUES (3,'fr','Français','fr_FR',3,1);
INSERT INTO `LANGUAGES` (`ID_LANGUAGE`,`LANGUAGE`,`LABEL`,`LOCALE`,`POSITION`,`ENABLED`) VALUES (1,'it','Italiano','it_IT',1,1);
INSERT INTO `LANGUAGES` (`ID_LANGUAGE`,`LANGUAGE`,`LABEL`,`LOCALE`,`POSITION`,`ENABLED`) VALUES (6,'pt','Portoghese','pt_PT',6,0);


CREATE TABLE `EMAIL_CONFIGURATIONS` (
  `ID_EMAIL_CONFIGURATION` int(11) NOT NULL AUTO_INCREMENT,
  `EMAIL_CONFIGURATION_TYPE` varchar(30) NOT NULL,
  `KEY_NAME_SUBJECT` varchar(200) DEFAULT NULL,
  `KEY_NAME_BODY` varchar(200) DEFAULT NULL,
  `SMTP_SERVER` varchar(200) NOT NULL,
  `SMTP_AUTHENTICATION_ENABLED` tinyint(4) NOT NULL DEFAULT '0',
  `SMTP_USER_NAME` varchar(200) DEFAULT NULL,
  `SMTP_PASSWORD` varchar(200) DEFAULT NULL,
  `SMTP_PORT` int(11) NOT NULL DEFAULT '25',
  `SMTP_SSL_ENABLED` tinyint(4) NOT NULL DEFAULT '0',
  `FROM_NAME` varchar(200) DEFAULT NULL,
  `FROM_EMAIL` varchar(200) NOT NULL,
  `TO` text NOT NULL,
  `CC` text NOT NULL,
  `BCC` text NOT NULL,
  `HTML_FORMAT_ENABLED` tinyint(4) NOT NULL DEFAULT '0',
  `IMAGES_FOLDER_PATH` varchar(200) DEFAULT NULL,
  `ENABLED` tinyint(4) NOT NULL DEFAULT '1',
  PRIMARY KEY (`ID_EMAIL_CONFIGURATION`));

INSERT INTO `EMAIL_CONFIGURATIONS` (`ID_EMAIL_CONFIGURATION`,`EMAIL_CONFIGURATION_TYPE`,`KEY_NAME_SUBJECT`,`KEY_NAME_BODY`,`SMTP_SERVER`,`SMTP_AUTHENTICATION_ENABLED`,`SMTP_USER_NAME`,`SMTP_PASSWORD`,`SMTP_PORT`,`SMTP_SSL_ENABLED`,`FROM_NAME`,`FROM_EMAIL`,`TO`,`CC`,`BCC`,`HTML_FORMAT_ENABLED`,`IMAGES_FOLDER_PATH`,`ENABLED`) VALUES (28,'match.wakeUpUser','email.subject.wakeUpUser','email.body.wakeUpUser','smtps.aruba.it',1,'noreply@gokick.org','hovistomaradona',465,1,'Associazione Play More!','noreply@gokick.org','','','',1,NULL,1);


CREATE TABLE `TRANSLATIONS` (
  `ID_TRANSLATION` int(11) NOT NULL AUTO_INCREMENT,
  `TRANSLATION_TYPE` int(11) NOT NULL,
  `LANGUAGE` char(2) NOT NULL,
  `KEY_NAME` varchar(200) NOT NULL,
  `KEY_VALUE` mediumtext NOT NULL,
  `REPLACEMENT_ENABLED` tinyint(4) NOT NULL DEFAULT '0',
  `HTML_ENABLED` tinyint(4) NOT NULL DEFAULT '0',
  `DESCRIPTION` varchar(200) NOT NULL,
  PRIMARY KEY (`ID_TRANSLATION`)
);



INSERT INTO `TRANSLATIONS` (`ID_TRANSLATION`,`TRANSLATION_TYPE`,`LANGUAGE`,`KEY_NAME`,`KEY_VALUE`,`REPLACEMENT_ENABLED`,`HTML_ENABLED`,`DESCRIPTION`) VALUES (15635,3,'it','email.body.wakeUpUser','<html><body>Ciao <b>###CURRENTUSER_NAME###</b>, <br/>che ne dici di tornare in campo? Ecco le prossime partite organizzate nella tua zona...<br/><br/>###MATCH_TO_PLAY###<br/><a href="@@@SITE_URL@@@/calendar!viewCalendar.action?defaultSearch=true?u=###USER_ID###&p=###USER_PASSWORD###">Guarda tutte le partite </a>  &nbsp; <a href="@@@SITE_URL@@@/organizeMatchCreate!input.action?u=###USER_ID###&p=###USER_PASSWORD###">Organizza la tua partita</a>  <br/><br/>Play More!<br/><br/>- non vuoi più ricevere questo avviso? Modifica le tue preferenze qui: <a href="@@@SITE_URL@@@/userPreferences!input.action?u=###USER_ID###&p=###USER_PASSWORD###">     @@@SITE_URL@@@/userPreferences!input.action?u=###USER_ID###&p=###USER_PASSWORD###</a><br/><br/>Questa email contiene un codice personale che ti permette di accedere a GoKick senza inserire la tua password. A garanzia della tua privacy ti invitiamo a non inoltrare questa email.</body></html>',1,1,'');
INSERT INTO `TRANSLATIONS` (`ID_TRANSLATION`,`TRANSLATION_TYPE`,`LANGUAGE`,`KEY_NAME`,`KEY_VALUE`,`REPLACEMENT_ENABLED`,`HTML_ENABLED`,`DESCRIPTION`) VALUES (15634,3,'it','email.subject.wakeUpUser','GoKick - Gioca una partita',0,0,'');
INSERT INTO `TRANSLATIONS` (`ID_TRANSLATION`,`TRANSLATION_TYPE`,`LANGUAGE`,`KEY_NAME`,`KEY_VALUE`,`REPLACEMENT_ENABLED`,`HTML_ENABLED`,`DESCRIPTION`) VALUES (15636,3,'en','email.body.wakeUpUser','<html><body>Ciao <b>###CURRENTUSER_NAME###</b>, <br/>che ne dici di tornare in campo? Ecco le prossime partite organizzate nella tua zona...<br/><br/>###MATCH_TO_PLAY###<br/><a href="@@@SITE_URL@@@/calendar!viewCalendar.action?defaultSearch=true&u=###USER_ID###&p=###USER_PASSWORD###">Guarda tutte le partite </a>  &nbsp; <a href="@@@SITE_URL@@@/organizeMatchCreate!input.action?u=###USER_ID###&p=###USER_PASSWORD###">Organizza la tua partita</a>  <br/><br/>Play More!<br/><br/>- non vuoi più ricevere questo avviso? Modifica le tue preferenze qui: <a href="@@@SITE_URL@@@/userPreferences!input.action?u=###USER_ID###&p=###USER_PASSWORD###">     @@@SITE_URL@@@/userPreferences!input.action?u=###USER_ID###&p=###USER_PASSWORD###</a><br/><br/>Questa email contiene un codice personale che ti permette di accedere a GoKick senza inserire la tua password. A garanzia della tua privacy ti invitiamo a non inoltrare questa email.</body></html>',1,1,'');
INSERT INTO `TRANSLATIONS` (`ID_TRANSLATION`,`TRANSLATION_TYPE`,`LANGUAGE`,`KEY_NAME`,`KEY_VALUE`,`REPLACEMENT_ENABLED`,`HTML_ENABLED`,`DESCRIPTION`) VALUES (15637,3,'en','email.subject.wakeUpUser','GoKick - Gioca una partita',0,0,'');



INSERT INTO `COBRANDS` (`ID_COBRAND`,`CODE`,`DOMAIN`,`SITE_URL`,`GATEWAY_URL`,`GOOGLE_ANALYTICS_KEY`,`HOME_PAGE_URL`,`TYPE`,`FACEBOOK_APP_ID`,`FACEBOOK_APP_CODE`) VALUES (1,'GOKICK','www.gokick.org','http://www.gokick.org','http://www.gokick.org/cobrand','UA-13164750-2','http://www.gokick.org/home.action','Complete','242127925856967','33a412f01a00b76af0ba318257c230fb');
INSERT INTO `COBRANDS` (`ID_COBRAND`,`CODE`,`DOMAIN`,`SITE_URL`,`GATEWAY_URL`,`GOOGLE_ANALYTICS_KEY`,`HOME_PAGE_URL`,`TYPE`,`FACEBOOK_APP_ID`,`FACEBOOK_APP_CODE`) VALUES (2,'METRONEWS','metronews.gokick.org','http://metronews.gokick.org','http://metronews.gokick.org/cobrand','UA-33285174-1','http://www.metronews.it/master.php?pagina=gokick.php','Small','391829677541963','1eeba94a126d5455cbe8f2574646fc51');
INSERT INTO `COBRANDS` (`ID_COBRAND`,`CODE`,`DOMAIN`,`SITE_URL`,`GATEWAY_URL`,`GOOGLE_ANALYTICS_KEY`,`HOME_PAGE_URL`,`TYPE`,`FACEBOOK_APP_ID`,`FACEBOOK_APP_CODE`) VALUES (3,'PROUSALL','prousall.gokick.org','http://prousall.gokick.org','http://prousall.gokick.org/cobrand','UA-40914297-1','http://www.prousall.eu/community/','Small','621503137862952','024914562838cd520c16e4a2a7af10cf');
INSERT INTO `COBRANDS` (`ID_COBRAND`,`CODE`,`DOMAIN`,`SITE_URL`,`GATEWAY_URL`,`GOOGLE_ANALYTICS_KEY`,`HOME_PAGE_URL`,`TYPE`,`FACEBOOK_APP_ID`,`FACEBOOK_APP_CODE`) VALUES (4,'MOSCOVA','moscova.gokick.org','http://moscova.gokick.org','http://moscova.gokick.org/cobrand','UA-43773387-1','http://www.playmore.it/community/','Small','588244851221120','c457cc4a0a7250a3e46450609d429073');
INSERT INTO `COBRANDS` (`ID_COBRAND`,`CODE`,`DOMAIN`,`SITE_URL`,`GATEWAY_URL`,`GOOGLE_ANALYTICS_KEY`,`HOME_PAGE_URL`,`TYPE`,`FACEBOOK_APP_ID`,`FACEBOOK_APP_CODE`) VALUES (5,'PLATYPUS','platypus.gokick.org','http://platypus.gokick.org','http://platypus.gokick.org/cobrand','UA-54519225-1','http://plsport.it/gokick.org/','Small','346108442217950','4777207eed0383c52854729338e4592c');



/*
-- Query: select * from TRANSLATIONS WHERE TRANSLATIONS.KEY_NAME like "%Format.date%"
LIMIT 0, 1000

-- Date: 2014-12-08 11:57
*/
INSERT INTO `TRANSLATIONS` (`ID_TRANSLATION`,`TRANSLATION_TYPE`,`LANGUAGE`,`KEY_NAME`,`KEY_VALUE`,`REPLACEMENT_ENABLED`,`HTML_ENABLED`,`DESCRIPTION`) VALUES (682,8,'it','format.date_1','%1$tA %1$td/%1$tm/%1$ty alle %1$tR',0,0,'mercoledì 11/11/09 alle 13:00');
INSERT INTO `TRANSLATIONS` (`ID_TRANSLATION`,`TRANSLATION_TYPE`,`LANGUAGE`,`KEY_NAME`,`KEY_VALUE`,`REPLACEMENT_ENABLED`,`HTML_ENABLED`,`DESCRIPTION`) VALUES (683,8,'it','format.date_2','%1$tA %1$td/%1$tm/%1$ty',0,0,'venerdì 27/11/09');
INSERT INTO `TRANSLATIONS` (`ID_TRANSLATION`,`TRANSLATION_TYPE`,`LANGUAGE`,`KEY_NAME`,`KEY_VALUE`,`REPLACEMENT_ENABLED`,`HTML_ENABLED`,`DESCRIPTION`) VALUES (695,8,'it','format.date_3','%1$tA %1$td/%1$tm alle %1$tR',0,0,'mercoledì 11/11 alle 13:00');
INSERT INTO `TRANSLATIONS` (`ID_TRANSLATION`,`TRANSLATION_TYPE`,`LANGUAGE`,`KEY_NAME`,`KEY_VALUE`,`REPLACEMENT_ENABLED`,`HTML_ENABLED`,`DESCRIPTION`) VALUES (698,8,'it','format.date_4','%1$tA %1$td %1$tB %tY',0,0,'Giovedì 26 Novembre 2009');
INSERT INTO `TRANSLATIONS` (`ID_TRANSLATION`,`TRANSLATION_TYPE`,`LANGUAGE`,`KEY_NAME`,`KEY_VALUE`,`REPLACEMENT_ENABLED`,`HTML_ENABLED`,`DESCRIPTION`) VALUES (708,8,'it','format.date_5','%1$tR',0,0,'13:57');
INSERT INTO `TRANSLATIONS` (`ID_TRANSLATION`,`TRANSLATION_TYPE`,`LANGUAGE`,`KEY_NAME`,`KEY_VALUE`,`REPLACEMENT_ENABLED`,`HTML_ENABLED`,`DESCRIPTION`) VALUES (709,8,'it','format.date_6','%1$td/%1$tm',0,0,'01/12');
INSERT INTO `TRANSLATIONS` (`ID_TRANSLATION`,`TRANSLATION_TYPE`,`LANGUAGE`,`KEY_NAME`,`KEY_VALUE`,`REPLACEMENT_ENABLED`,`HTML_ENABLED`,`DESCRIPTION`) VALUES (714,8,'it','format.date_7','%1$td %1$tB %tY',0,0,'29 ottobre 2009');
INSERT INTO `TRANSLATIONS` (`ID_TRANSLATION`,`TRANSLATION_TYPE`,`LANGUAGE`,`KEY_NAME`,`KEY_VALUE`,`REPLACEMENT_ENABLED`,`HTML_ENABLED`,`DESCRIPTION`) VALUES (722,8,'it','format.date_8','%1$ta %1$td %1$tb',0,0,'mer 3 set');
INSERT INTO `TRANSLATIONS` (`ID_TRANSLATION`,`TRANSLATION_TYPE`,`LANGUAGE`,`KEY_NAME`,`KEY_VALUE`,`REPLACEMENT_ENABLED`,`HTML_ENABLED`,`DESCRIPTION`) VALUES (726,8,'it','format.date_9','%1$td/%1$tm/%1$ty',0,0,'27/11/2009');
INSERT INTO `TRANSLATIONS` (`ID_TRANSLATION`,`TRANSLATION_TYPE`,`LANGUAGE`,`KEY_NAME`,`KEY_VALUE`,`REPLACEMENT_ENABLED`,`HTML_ENABLED`,`DESCRIPTION`) VALUES (820,8,'it','format.date_10','%1$tA %1$td %1$tB %tY',0,0,'Mercoledì 1 febbraio 2009');
INSERT INTO `TRANSLATIONS` (`ID_TRANSLATION`,`TRANSLATION_TYPE`,`LANGUAGE`,`KEY_NAME`,`KEY_VALUE`,`REPLACEMENT_ENABLED`,`HTML_ENABLED`,`DESCRIPTION`) VALUES (828,8,'it','format.date_11','<strong class=\"siteColor\">%1$ta %1$td/%1$tm</strong> alle <strong class=\"siteColor\">%1$tR</strong>',0,1,'mer 30/7 alle 16:30');
INSERT INTO `TRANSLATIONS` (`ID_TRANSLATION`,`TRANSLATION_TYPE`,`LANGUAGE`,`KEY_NAME`,`KEY_VALUE`,`REPLACEMENT_ENABLED`,`HTML_ENABLED`,`DESCRIPTION`) VALUES (829,8,'it','format.date_12','%1$ta %1$td %1$tb %1$ty',0,0,'Mer 20 dic 05');
INSERT INTO `TRANSLATIONS` (`ID_TRANSLATION`,`TRANSLATION_TYPE`,`LANGUAGE`,`KEY_NAME`,`KEY_VALUE`,`REPLACEMENT_ENABLED`,`HTML_ENABLED`,`DESCRIPTION`) VALUES (830,8,'it','format.date_13','%1$tA %1$td %1$tB',0,0,'Mercoledì 1 Febbraio ');
INSERT INTO `TRANSLATIONS` (`ID_TRANSLATION`,`TRANSLATION_TYPE`,`LANGUAGE`,`KEY_NAME`,`KEY_VALUE`,`REPLACEMENT_ENABLED`,`HTML_ENABLED`,`DESCRIPTION`) VALUES (833,8,'it','format.date_14','d  giorni e  H  ore ',0,0,'2 giorni e 1 ora');
INSERT INTO `TRANSLATIONS` (`ID_TRANSLATION`,`TRANSLATION_TYPE`,`LANGUAGE`,`KEY_NAME`,`KEY_VALUE`,`REPLACEMENT_ENABLED`,`HTML_ENABLED`,`DESCRIPTION`) VALUES (9108,8,'it','format.date_15','%1$td/%1$tm/%1$ty ore %1$tR',0,0,'29/10/09 ore 20:00');
INSERT INTO `TRANSLATIONS` (`ID_TRANSLATION`,`TRANSLATION_TYPE`,`LANGUAGE`,`KEY_NAME`,`KEY_VALUE`,`REPLACEMENT_ENABLED`,`HTML_ENABLED`,`DESCRIPTION`) VALUES (9141,8,'it','format.date_16','%1$ta %1$td/%1$tm ore %1$tR',0,0,'mer 30/7 ore 16:30');
INSERT INTO `TRANSLATIONS` (`ID_TRANSLATION`,`TRANSLATION_TYPE`,`LANGUAGE`,`KEY_NAME`,`KEY_VALUE`,`REPLACEMENT_ENABLED`,`HTML_ENABLED`,`DESCRIPTION`) VALUES (9148,8,'it','format.date_17','%1$ta %1$td %1$tB',0,0,'Sab 2 dicembre  ');
INSERT INTO `TRANSLATIONS` (`ID_TRANSLATION`,`TRANSLATION_TYPE`,`LANGUAGE`,`KEY_NAME`,`KEY_VALUE`,`REPLACEMENT_ENABLED`,`HTML_ENABLED`,`DESCRIPTION`) VALUES (9809,8,'en','format.date_1','%1$tA %1$td/%1$tm/%1$ty alle %1$tR',0,0,'mercoledì 11/11/09 alle 13:00');
INSERT INTO `TRANSLATIONS` (`ID_TRANSLATION`,`TRANSLATION_TYPE`,`LANGUAGE`,`KEY_NAME`,`KEY_VALUE`,`REPLACEMENT_ENABLED`,`HTML_ENABLED`,`DESCRIPTION`) VALUES (9810,8,'en','format.date_2','%1$tA %1$td/%1$tm/%1$ty',0,0,'venerdì 27/11/09');
INSERT INTO `TRANSLATIONS` (`ID_TRANSLATION`,`TRANSLATION_TYPE`,`LANGUAGE`,`KEY_NAME`,`KEY_VALUE`,`REPLACEMENT_ENABLED`,`HTML_ENABLED`,`DESCRIPTION`) VALUES (9822,8,'en','format.date_3','%1$td/%1$tm alle %1$tR',0,0,'mercoledì 11/11 alle 13:00');
INSERT INTO `TRANSLATIONS` (`ID_TRANSLATION`,`TRANSLATION_TYPE`,`LANGUAGE`,`KEY_NAME`,`KEY_VALUE`,`REPLACEMENT_ENABLED`,`HTML_ENABLED`,`DESCRIPTION`) VALUES (9825,8,'en','format.date_4','%1$tA %1$td %1$tB %tY',0,0,'Giovedì 26 Novembre 2009');
INSERT INTO `TRANSLATIONS` (`ID_TRANSLATION`,`TRANSLATION_TYPE`,`LANGUAGE`,`KEY_NAME`,`KEY_VALUE`,`REPLACEMENT_ENABLED`,`HTML_ENABLED`,`DESCRIPTION`) VALUES (9834,8,'en','format.date_5','%1$tR',0,0,'Stampa HH:mm, es 13:57');
INSERT INTO `TRANSLATIONS` (`ID_TRANSLATION`,`TRANSLATION_TYPE`,`LANGUAGE`,`KEY_NAME`,`KEY_VALUE`,`REPLACEMENT_ENABLED`,`HTML_ENABLED`,`DESCRIPTION`) VALUES (9835,8,'en','format.date_6','%1$td/%1$tm',0,0,'Stampa giorno/mese [dd/MM], es 01/12');
INSERT INTO `TRANSLATIONS` (`ID_TRANSLATION`,`TRANSLATION_TYPE`,`LANGUAGE`,`KEY_NAME`,`KEY_VALUE`,`REPLACEMENT_ENABLED`,`HTML_ENABLED`,`DESCRIPTION`) VALUES (9840,8,'en','format.date_7','%1$td %1$tB %tY',0,0,'29 ottobre 2009');
INSERT INTO `TRANSLATIONS` (`ID_TRANSLATION`,`TRANSLATION_TYPE`,`LANGUAGE`,`KEY_NAME`,`KEY_VALUE`,`REPLACEMENT_ENABLED`,`HTML_ENABLED`,`DESCRIPTION`) VALUES (9847,8,'en','format.date_8','%1$ta %1$td %1$tb',0,0,'mer 3 set');
INSERT INTO `TRANSLATIONS` (`ID_TRANSLATION`,`TRANSLATION_TYPE`,`LANGUAGE`,`KEY_NAME`,`KEY_VALUE`,`REPLACEMENT_ENABLED`,`HTML_ENABLED`,`DESCRIPTION`) VALUES (9850,8,'en','format.date_9','%1$td/%1$tm/%1$ty',0,0,'27/11/2009');
INSERT INTO `TRANSLATIONS` (`ID_TRANSLATION`,`TRANSLATION_TYPE`,`LANGUAGE`,`KEY_NAME`,`KEY_VALUE`,`REPLACEMENT_ENABLED`,`HTML_ENABLED`,`DESCRIPTION`) VALUES (9932,8,'en','format.date_10','%1$tA %1$td %1$tB %tY',0,0,'Mercoledì 1 febbraio 2009');
INSERT INTO `TRANSLATIONS` (`ID_TRANSLATION`,`TRANSLATION_TYPE`,`LANGUAGE`,`KEY_NAME`,`KEY_VALUE`,`REPLACEMENT_ENABLED`,`HTML_ENABLED`,`DESCRIPTION`) VALUES (9940,8,'en','format.date_11','<strong class=\"siteColor\">%1$ta %1$td/%1$tm</strong> at <strong class=\"siteColor\">%1$tR</strong>',0,1,'mer 30/7 alle 16:30');
INSERT INTO `TRANSLATIONS` (`ID_TRANSLATION`,`TRANSLATION_TYPE`,`LANGUAGE`,`KEY_NAME`,`KEY_VALUE`,`REPLACEMENT_ENABLED`,`HTML_ENABLED`,`DESCRIPTION`) VALUES (9941,8,'en','format.date_12','%1$ta %1$td %1$tb %1$ty',0,0,'Mer 20 dic 05');
INSERT INTO `TRANSLATIONS` (`ID_TRANSLATION`,`TRANSLATION_TYPE`,`LANGUAGE`,`KEY_NAME`,`KEY_VALUE`,`REPLACEMENT_ENABLED`,`HTML_ENABLED`,`DESCRIPTION`) VALUES (9942,8,'en','format.date_13','%1$tA %1$td %1$tB',0,0,'Mercoledì 1 Febbraio ');
INSERT INTO `TRANSLATIONS` (`ID_TRANSLATION`,`TRANSLATION_TYPE`,`LANGUAGE`,`KEY_NAME`,`KEY_VALUE`,`REPLACEMENT_ENABLED`,`HTML_ENABLED`,`DESCRIPTION`) VALUES (9945,8,'en','format.date_14','d  days and  H  hours ',0,0,'2 giorni e 1 ora');
INSERT INTO `TRANSLATIONS` (`ID_TRANSLATION`,`TRANSLATION_TYPE`,`LANGUAGE`,`KEY_NAME`,`KEY_VALUE`,`REPLACEMENT_ENABLED`,`HTML_ENABLED`,`DESCRIPTION`) VALUES (9961,8,'en','format.date_15','%1$td/%1$tm/%1$ty time %1$tR',0,0,'29/10/09 ore 20:00');
INSERT INTO `TRANSLATIONS` (`ID_TRANSLATION`,`TRANSLATION_TYPE`,`LANGUAGE`,`KEY_NAME`,`KEY_VALUE`,`REPLACEMENT_ENABLED`,`HTML_ENABLED`,`DESCRIPTION`) VALUES (9983,8,'en','format.date_16','%1$ta %1$td/%1$tm time %1$tR',0,0,'');
INSERT INTO `TRANSLATIONS` (`ID_TRANSLATION`,`TRANSLATION_TYPE`,`LANGUAGE`,`KEY_NAME`,`KEY_VALUE`,`REPLACEMENT_ENABLED`,`HTML_ENABLED`,`DESCRIPTION`) VALUES (9990,8,'en','format.date_17','%1$ta %1$td %1$tB',0,0,'Sab 2 dicembre');
INSERT INTO `TRANSLATIONS` (`ID_TRANSLATION`,`TRANSLATION_TYPE`,`LANGUAGE`,`KEY_NAME`,`KEY_VALUE`,`REPLACEMENT_ENABLED`,`HTML_ENABLED`,`DESCRIPTION`) VALUES (10645,8,'fr','format.date_1','%1$tA %1$td/%1$tm/%1$ty alle %1$tR',0,0,'mercoledì 11/11/09 alle 13:00');
INSERT INTO `TRANSLATIONS` (`ID_TRANSLATION`,`TRANSLATION_TYPE`,`LANGUAGE`,`KEY_NAME`,`KEY_VALUE`,`REPLACEMENT_ENABLED`,`HTML_ENABLED`,`DESCRIPTION`) VALUES (10646,8,'fr','format.date_2','%1$tA %1$td/%1$tm/%1$ty',0,0,'venerdì 27/11/09');
INSERT INTO `TRANSLATIONS` (`ID_TRANSLATION`,`TRANSLATION_TYPE`,`LANGUAGE`,`KEY_NAME`,`KEY_VALUE`,`REPLACEMENT_ENABLED`,`HTML_ENABLED`,`DESCRIPTION`) VALUES (10658,8,'fr','format.date_3','%1$td/%1$tm alle %1$tR',0,0,'mercoledì 11/11 alle 13:00');
INSERT INTO `TRANSLATIONS` (`ID_TRANSLATION`,`TRANSLATION_TYPE`,`LANGUAGE`,`KEY_NAME`,`KEY_VALUE`,`REPLACEMENT_ENABLED`,`HTML_ENABLED`,`DESCRIPTION`) VALUES (10661,8,'fr','format.date_4','%1$tA %1$td %1$tB %tY',0,0,'Giovedì 26 Novembre 2009');
INSERT INTO `TRANSLATIONS` (`ID_TRANSLATION`,`TRANSLATION_TYPE`,`LANGUAGE`,`KEY_NAME`,`KEY_VALUE`,`REPLACEMENT_ENABLED`,`HTML_ENABLED`,`DESCRIPTION`) VALUES (10670,8,'fr','format.date_5','%1$tR',0,0,'Stampa HH:mm, es 13:57');
INSERT INTO `TRANSLATIONS` (`ID_TRANSLATION`,`TRANSLATION_TYPE`,`LANGUAGE`,`KEY_NAME`,`KEY_VALUE`,`REPLACEMENT_ENABLED`,`HTML_ENABLED`,`DESCRIPTION`) VALUES (10671,8,'fr','format.date_6','%1$td/%1$tm',0,0,'Stampa giorno/mese [dd/MM], es 01/12');
INSERT INTO `TRANSLATIONS` (`ID_TRANSLATION`,`TRANSLATION_TYPE`,`LANGUAGE`,`KEY_NAME`,`KEY_VALUE`,`REPLACEMENT_ENABLED`,`HTML_ENABLED`,`DESCRIPTION`) VALUES (10676,8,'fr','format.date_7','%1$td %1$tB %tY',0,0,'29 ottobre 2009');
INSERT INTO `TRANSLATIONS` (`ID_TRANSLATION`,`TRANSLATION_TYPE`,`LANGUAGE`,`KEY_NAME`,`KEY_VALUE`,`REPLACEMENT_ENABLED`,`HTML_ENABLED`,`DESCRIPTION`) VALUES (10683,8,'fr','format.date_8','%1$ta %1$td %1$tb',0,0,'mer 3 set');
INSERT INTO `TRANSLATIONS` (`ID_TRANSLATION`,`TRANSLATION_TYPE`,`LANGUAGE`,`KEY_NAME`,`KEY_VALUE`,`REPLACEMENT_ENABLED`,`HTML_ENABLED`,`DESCRIPTION`) VALUES (10686,8,'fr','format.date_9','%1$td/%1$tm/%1$ty',0,0,'27/11/2009');
INSERT INTO `TRANSLATIONS` (`ID_TRANSLATION`,`TRANSLATION_TYPE`,`LANGUAGE`,`KEY_NAME`,`KEY_VALUE`,`REPLACEMENT_ENABLED`,`HTML_ENABLED`,`DESCRIPTION`) VALUES (10768,8,'fr','format.date_10','%1$tA %1$td %1$tB %tY',0,0,'Mercoledì 1 febbraio 2009');
INSERT INTO `TRANSLATIONS` (`ID_TRANSLATION`,`TRANSLATION_TYPE`,`LANGUAGE`,`KEY_NAME`,`KEY_VALUE`,`REPLACEMENT_ENABLED`,`HTML_ENABLED`,`DESCRIPTION`) VALUES (10776,8,'fr','format.date_11','<strong class=\"siteColor\">%1$ta %1$td/%1$tm</strong> à <strong class=\"siteColor\">%1$tR</strong>',0,1,'mer 30/7 alle 16:30');
INSERT INTO `TRANSLATIONS` (`ID_TRANSLATION`,`TRANSLATION_TYPE`,`LANGUAGE`,`KEY_NAME`,`KEY_VALUE`,`REPLACEMENT_ENABLED`,`HTML_ENABLED`,`DESCRIPTION`) VALUES (10777,8,'fr','format.date_12','%1$ta %1$td %1$tb %1$ty',0,0,'Mer 20 dic 05');
INSERT INTO `TRANSLATIONS` (`ID_TRANSLATION`,`TRANSLATION_TYPE`,`LANGUAGE`,`KEY_NAME`,`KEY_VALUE`,`REPLACEMENT_ENABLED`,`HTML_ENABLED`,`DESCRIPTION`) VALUES (10778,8,'fr','format.date_13','%1$tA %1$td %1$tB',0,0,'Mercoledì 1 Febbraio ');
INSERT INTO `TRANSLATIONS` (`ID_TRANSLATION`,`TRANSLATION_TYPE`,`LANGUAGE`,`KEY_NAME`,`KEY_VALUE`,`REPLACEMENT_ENABLED`,`HTML_ENABLED`,`DESCRIPTION`) VALUES (10781,8,'fr','format.date_14','d  jours et  H  heures ',0,0,'2 giorni e 1 ora');
INSERT INTO `TRANSLATIONS` (`ID_TRANSLATION`,`TRANSLATION_TYPE`,`LANGUAGE`,`KEY_NAME`,`KEY_VALUE`,`REPLACEMENT_ENABLED`,`HTML_ENABLED`,`DESCRIPTION`) VALUES (10797,8,'fr','format.date_15','%1$td/%1$tm/%1$ty ore %1$tR',0,0,'29/10/09 ore 20:00');
INSERT INTO `TRANSLATIONS` (`ID_TRANSLATION`,`TRANSLATION_TYPE`,`LANGUAGE`,`KEY_NAME`,`KEY_VALUE`,`REPLACEMENT_ENABLED`,`HTML_ENABLED`,`DESCRIPTION`) VALUES (10819,8,'fr','format.date_16','%1$ta %1$td/%1$tm h %1$tR',0,0,'');
INSERT INTO `TRANSLATIONS` (`ID_TRANSLATION`,`TRANSLATION_TYPE`,`LANGUAGE`,`KEY_NAME`,`KEY_VALUE`,`REPLACEMENT_ENABLED`,`HTML_ENABLED`,`DESCRIPTION`) VALUES (10826,8,'fr','format.date_17','%1$ta %1$td %1$tB',0,0,'Sab 2 dicembre');
INSERT INTO `TRANSLATIONS` (`ID_TRANSLATION`,`TRANSLATION_TYPE`,`LANGUAGE`,`KEY_NAME`,`KEY_VALUE`,`REPLACEMENT_ENABLED`,`HTML_ENABLED`,`DESCRIPTION`) VALUES (13165,8,'de','format.date_1','%1$tA %1$td/%1$tm/%1$ty alle %1$tR',0,0,'mercoledì 11/11/09 alle 13:00');
INSERT INTO `TRANSLATIONS` (`ID_TRANSLATION`,`TRANSLATION_TYPE`,`LANGUAGE`,`KEY_NAME`,`KEY_VALUE`,`REPLACEMENT_ENABLED`,`HTML_ENABLED`,`DESCRIPTION`) VALUES (13166,8,'de','format.date_2','%1$tA %1$td/%1$tm/%1$ty',0,0,'venerdì 27/11/09');
INSERT INTO `TRANSLATIONS` (`ID_TRANSLATION`,`TRANSLATION_TYPE`,`LANGUAGE`,`KEY_NAME`,`KEY_VALUE`,`REPLACEMENT_ENABLED`,`HTML_ENABLED`,`DESCRIPTION`) VALUES (13178,8,'de','format.date_3','%1$td/%1$tm alle %1$tR',0,0,'mercoledì 11/11 alle 13:00');
INSERT INTO `TRANSLATIONS` (`ID_TRANSLATION`,`TRANSLATION_TYPE`,`LANGUAGE`,`KEY_NAME`,`KEY_VALUE`,`REPLACEMENT_ENABLED`,`HTML_ENABLED`,`DESCRIPTION`) VALUES (13181,8,'de','format.date_4','%1$tA %1$td %1$tB %tY',0,0,'Giovedì 26 Novembre 2009');
INSERT INTO `TRANSLATIONS` (`ID_TRANSLATION`,`TRANSLATION_TYPE`,`LANGUAGE`,`KEY_NAME`,`KEY_VALUE`,`REPLACEMENT_ENABLED`,`HTML_ENABLED`,`DESCRIPTION`) VALUES (13190,8,'de','format.date_5','%1$tR',0,0,'Stampa HH:mm, es 13:57');
INSERT INTO `TRANSLATIONS` (`ID_TRANSLATION`,`TRANSLATION_TYPE`,`LANGUAGE`,`KEY_NAME`,`KEY_VALUE`,`REPLACEMENT_ENABLED`,`HTML_ENABLED`,`DESCRIPTION`) VALUES (13191,8,'de','format.date_6','%1$td/%1$tm',0,0,'Stampa giorno/mese [dd/MM], es 01/12');
INSERT INTO `TRANSLATIONS` (`ID_TRANSLATION`,`TRANSLATION_TYPE`,`LANGUAGE`,`KEY_NAME`,`KEY_VALUE`,`REPLACEMENT_ENABLED`,`HTML_ENABLED`,`DESCRIPTION`) VALUES (13196,8,'de','format.date_7','%1$td %1$tB %tY',0,0,'29 ottobre 2009');
INSERT INTO `TRANSLATIONS` (`ID_TRANSLATION`,`TRANSLATION_TYPE`,`LANGUAGE`,`KEY_NAME`,`KEY_VALUE`,`REPLACEMENT_ENABLED`,`HTML_ENABLED`,`DESCRIPTION`) VALUES (13203,8,'de','format.date_8','%1$ta %1$td %1$tb',0,0,'mer 3 set');
INSERT INTO `TRANSLATIONS` (`ID_TRANSLATION`,`TRANSLATION_TYPE`,`LANGUAGE`,`KEY_NAME`,`KEY_VALUE`,`REPLACEMENT_ENABLED`,`HTML_ENABLED`,`DESCRIPTION`) VALUES (13206,8,'de','format.date_9','%1$td/%1$tm/%1$ty',0,0,'27/11/2009');
INSERT INTO `TRANSLATIONS` (`ID_TRANSLATION`,`TRANSLATION_TYPE`,`LANGUAGE`,`KEY_NAME`,`KEY_VALUE`,`REPLACEMENT_ENABLED`,`HTML_ENABLED`,`DESCRIPTION`) VALUES (13288,8,'de','format.date_10','%1$tA %1$td %1$tB %tY',0,0,'Mercoledì 1 febbraio 2009');
INSERT INTO `TRANSLATIONS` (`ID_TRANSLATION`,`TRANSLATION_TYPE`,`LANGUAGE`,`KEY_NAME`,`KEY_VALUE`,`REPLACEMENT_ENABLED`,`HTML_ENABLED`,`DESCRIPTION`) VALUES (13296,8,'de','format.date_11','<strong class=\"siteColor\">%1$ta %1$td/%1$tm</strong> alle <strong class=\"siteColor\">%1$tR</strong>',0,1,'mer 30/7 alle 16:30');
INSERT INTO `TRANSLATIONS` (`ID_TRANSLATION`,`TRANSLATION_TYPE`,`LANGUAGE`,`KEY_NAME`,`KEY_VALUE`,`REPLACEMENT_ENABLED`,`HTML_ENABLED`,`DESCRIPTION`) VALUES (13297,8,'de','format.date_12','%1$ta %1$td %1$tb %1$ty',0,0,'Mer 20 dic 05');
INSERT INTO `TRANSLATIONS` (`ID_TRANSLATION`,`TRANSLATION_TYPE`,`LANGUAGE`,`KEY_NAME`,`KEY_VALUE`,`REPLACEMENT_ENABLED`,`HTML_ENABLED`,`DESCRIPTION`) VALUES (13298,8,'de','format.date_13','%1$tA %1$td %1$tB',0,0,'Mercoledì 1 Febbraio ');
INSERT INTO `TRANSLATIONS` (`ID_TRANSLATION`,`TRANSLATION_TYPE`,`LANGUAGE`,`KEY_NAME`,`KEY_VALUE`,`REPLACEMENT_ENABLED`,`HTML_ENABLED`,`DESCRIPTION`) VALUES (13301,8,'de','format.date_14','d  Tage und  H  Stunden ',0,0,'2 giorni e 1 ora');
INSERT INTO `TRANSLATIONS` (`ID_TRANSLATION`,`TRANSLATION_TYPE`,`LANGUAGE`,`KEY_NAME`,`KEY_VALUE`,`REPLACEMENT_ENABLED`,`HTML_ENABLED`,`DESCRIPTION`) VALUES (13317,8,'de','format.date_15','%1$td/%1$tm/%1$ty Stunden %1$tR',0,0,'29/10/09 ore 20:00');
INSERT INTO `TRANSLATIONS` (`ID_TRANSLATION`,`TRANSLATION_TYPE`,`LANGUAGE`,`KEY_NAME`,`KEY_VALUE`,`REPLACEMENT_ENABLED`,`HTML_ENABLED`,`DESCRIPTION`) VALUES (13339,8,'de','format.date_16','%1$ta %1$td/%1$tm Stunden %1$tR',0,0,'');
INSERT INTO `TRANSLATIONS` (`ID_TRANSLATION`,`TRANSLATION_TYPE`,`LANGUAGE`,`KEY_NAME`,`KEY_VALUE`,`REPLACEMENT_ENABLED`,`HTML_ENABLED`,`DESCRIPTION`) VALUES (13346,8,'de','format.date_17','%1$ta %1$td %1$tB',0,0,'Sab 2 dicembre');
INSERT INTO `TRANSLATIONS` (`ID_TRANSLATION`,`TRANSLATION_TYPE`,`LANGUAGE`,`KEY_NAME`,`KEY_VALUE`,`REPLACEMENT_ENABLED`,`HTML_ENABLED`,`DESCRIPTION`) VALUES (13397,8,'it','format.date_18','%1$td %1$tb  %1$ty %1$tR',0,0,'30 set 05 11:20');
INSERT INTO `TRANSLATIONS` (`ID_TRANSLATION`,`TRANSLATION_TYPE`,`LANGUAGE`,`KEY_NAME`,`KEY_VALUE`,`REPLACEMENT_ENABLED`,`HTML_ENABLED`,`DESCRIPTION`) VALUES (13410,8,'fr','format.date_18','%1$td %1$tb  %1$ty %1$tR',0,0,'30 set 05 11:20');
INSERT INTO `TRANSLATIONS` (`ID_TRANSLATION`,`TRANSLATION_TYPE`,`LANGUAGE`,`KEY_NAME`,`KEY_VALUE`,`REPLACEMENT_ENABLED`,`HTML_ENABLED`,`DESCRIPTION`) VALUES (13411,8,'en','format.date_18','%1$td %1$tb  %1$ty %1$tR',0,0,'30 set 05 11:20');
INSERT INTO `TRANSLATIONS` (`ID_TRANSLATION`,`TRANSLATION_TYPE`,`LANGUAGE`,`KEY_NAME`,`KEY_VALUE`,`REPLACEMENT_ENABLED`,`HTML_ENABLED`,`DESCRIPTION`) VALUES (13412,8,'de','format.date_18','%1$td %1$tb  %1$ty %1$tR',0,0,'30 set 05 11:20');
INSERT INTO `TRANSLATIONS` (`ID_TRANSLATION`,`TRANSLATION_TYPE`,`LANGUAGE`,`KEY_NAME`,`KEY_VALUE`,`REPLACEMENT_ENABLED`,`HTML_ENABLED`,`DESCRIPTION`) VALUES (14056,8,'es','format.date_1','%1$tA %1$td/%1$tm/%1$ty alle %1$tR',0,0,'mercoledì 11/11/09 alle 13:00');
INSERT INTO `TRANSLATIONS` (`ID_TRANSLATION`,`TRANSLATION_TYPE`,`LANGUAGE`,`KEY_NAME`,`KEY_VALUE`,`REPLACEMENT_ENABLED`,`HTML_ENABLED`,`DESCRIPTION`) VALUES (14057,8,'es','format.date_2','%1$tA %1$td/%1$tm/%1$ty',0,0,'venerdì 27/11/09');
INSERT INTO `TRANSLATIONS` (`ID_TRANSLATION`,`TRANSLATION_TYPE`,`LANGUAGE`,`KEY_NAME`,`KEY_VALUE`,`REPLACEMENT_ENABLED`,`HTML_ENABLED`,`DESCRIPTION`) VALUES (14069,8,'es','format.date_3','%1$tA %1$td/%1$tm alle %1$tR',0,0,'mercoledì 11/11 alle 13:00');
INSERT INTO `TRANSLATIONS` (`ID_TRANSLATION`,`TRANSLATION_TYPE`,`LANGUAGE`,`KEY_NAME`,`KEY_VALUE`,`REPLACEMENT_ENABLED`,`HTML_ENABLED`,`DESCRIPTION`) VALUES (14072,8,'es','format.date_4','%1$tA %1$td %1$tB %tY',0,0,'Giovedì 26 Novembre 2009');
INSERT INTO `TRANSLATIONS` (`ID_TRANSLATION`,`TRANSLATION_TYPE`,`LANGUAGE`,`KEY_NAME`,`KEY_VALUE`,`REPLACEMENT_ENABLED`,`HTML_ENABLED`,`DESCRIPTION`) VALUES (14081,8,'es','format.date_5','%1$tR',0,0,'13:57');
INSERT INTO `TRANSLATIONS` (`ID_TRANSLATION`,`TRANSLATION_TYPE`,`LANGUAGE`,`KEY_NAME`,`KEY_VALUE`,`REPLACEMENT_ENABLED`,`HTML_ENABLED`,`DESCRIPTION`) VALUES (14082,8,'es','format.date_6','%1$td/%1$tm',0,0,'01/12');
INSERT INTO `TRANSLATIONS` (`ID_TRANSLATION`,`TRANSLATION_TYPE`,`LANGUAGE`,`KEY_NAME`,`KEY_VALUE`,`REPLACEMENT_ENABLED`,`HTML_ENABLED`,`DESCRIPTION`) VALUES (14087,8,'es','format.date_7','%1$td %1$tB %tY',0,0,'29 ottobre 2009');
INSERT INTO `TRANSLATIONS` (`ID_TRANSLATION`,`TRANSLATION_TYPE`,`LANGUAGE`,`KEY_NAME`,`KEY_VALUE`,`REPLACEMENT_ENABLED`,`HTML_ENABLED`,`DESCRIPTION`) VALUES (14094,8,'es','format.date_8','%1$ta %1$td %1$tb',0,0,'mer 3 set');
INSERT INTO `TRANSLATIONS` (`ID_TRANSLATION`,`TRANSLATION_TYPE`,`LANGUAGE`,`KEY_NAME`,`KEY_VALUE`,`REPLACEMENT_ENABLED`,`HTML_ENABLED`,`DESCRIPTION`) VALUES (14097,8,'es','format.date_9','%1$td/%1$tm/%1$ty',0,0,'27/11/2009');
INSERT INTO `TRANSLATIONS` (`ID_TRANSLATION`,`TRANSLATION_TYPE`,`LANGUAGE`,`KEY_NAME`,`KEY_VALUE`,`REPLACEMENT_ENABLED`,`HTML_ENABLED`,`DESCRIPTION`) VALUES (14179,8,'es','format.date_10','%1$tA %1$td %1$tB %tY',0,0,'Mercoledì 1 febbraio 2009');
INSERT INTO `TRANSLATIONS` (`ID_TRANSLATION`,`TRANSLATION_TYPE`,`LANGUAGE`,`KEY_NAME`,`KEY_VALUE`,`REPLACEMENT_ENABLED`,`HTML_ENABLED`,`DESCRIPTION`) VALUES (14187,8,'es','format.date_11','<strong class=\"siteColor\">%1$ta %1$td/%1$tm</strong> a las <strong class=\"siteColor\">%1$tR</strong>',0,1,'mer 30/7 alle 16:30');
INSERT INTO `TRANSLATIONS` (`ID_TRANSLATION`,`TRANSLATION_TYPE`,`LANGUAGE`,`KEY_NAME`,`KEY_VALUE`,`REPLACEMENT_ENABLED`,`HTML_ENABLED`,`DESCRIPTION`) VALUES (14188,8,'es','format.date_12','%1$ta %1$td %1$tb %1$ty',0,0,'Mer 20 dic 05');
INSERT INTO `TRANSLATIONS` (`ID_TRANSLATION`,`TRANSLATION_TYPE`,`LANGUAGE`,`KEY_NAME`,`KEY_VALUE`,`REPLACEMENT_ENABLED`,`HTML_ENABLED`,`DESCRIPTION`) VALUES (14189,8,'es','format.date_13','%1$tA %1$td %1$tB',0,0,'Mercoledì 1 Febbraio');
INSERT INTO `TRANSLATIONS` (`ID_TRANSLATION`,`TRANSLATION_TYPE`,`LANGUAGE`,`KEY_NAME`,`KEY_VALUE`,`REPLACEMENT_ENABLED`,`HTML_ENABLED`,`DESCRIPTION`) VALUES (14192,8,'es','format.date_14','d  dias y  H  horas ',0,0,'2 giorni e 1 ora');
INSERT INTO `TRANSLATIONS` (`ID_TRANSLATION`,`TRANSLATION_TYPE`,`LANGUAGE`,`KEY_NAME`,`KEY_VALUE`,`REPLACEMENT_ENABLED`,`HTML_ENABLED`,`DESCRIPTION`) VALUES (14208,8,'es','format.date_15','%1$td/%1$tm/%1$ty horas %1$tR',0,0,'29/10/09 ore 20:00');
INSERT INTO `TRANSLATIONS` (`ID_TRANSLATION`,`TRANSLATION_TYPE`,`LANGUAGE`,`KEY_NAME`,`KEY_VALUE`,`REPLACEMENT_ENABLED`,`HTML_ENABLED`,`DESCRIPTION`) VALUES (14230,8,'es','format.date_16','%1$ta %1$td/%1$tm horas %1$tR',0,0,'mer 30/7 ore 16:30');
INSERT INTO `TRANSLATIONS` (`ID_TRANSLATION`,`TRANSLATION_TYPE`,`LANGUAGE`,`KEY_NAME`,`KEY_VALUE`,`REPLACEMENT_ENABLED`,`HTML_ENABLED`,`DESCRIPTION`) VALUES (14237,8,'es','format.date_17','%1$ta %1$td %1$tB',0,0,'Sab 2 dicembre');
INSERT INTO `TRANSLATIONS` (`ID_TRANSLATION`,`TRANSLATION_TYPE`,`LANGUAGE`,`KEY_NAME`,`KEY_VALUE`,`REPLACEMENT_ENABLED`,`HTML_ENABLED`,`DESCRIPTION`) VALUES (14260,8,'es','format.date_18','%1$td %1$tb %1$ty %1$tR',0,0,'30 set 05 11:20');
INSERT INTO `TRANSLATIONS` (`ID_TRANSLATION`,`TRANSLATION_TYPE`,`LANGUAGE`,`KEY_NAME`,`KEY_VALUE`,`REPLACEMENT_ENABLED`,`HTML_ENABLED`,`DESCRIPTION`) VALUES (14277,8,'it','format.date_19','%1$tA',0,0,'Mercoledi');
INSERT INTO `TRANSLATIONS` (`ID_TRANSLATION`,`TRANSLATION_TYPE`,`LANGUAGE`,`KEY_NAME`,`KEY_VALUE`,`REPLACEMENT_ENABLED`,`HTML_ENABLED`,`DESCRIPTION`) VALUES (14279,8,'en','format.date_19','%1$tA',0,0,'Mercoledi');
INSERT INTO `TRANSLATIONS` (`ID_TRANSLATION`,`TRANSLATION_TYPE`,`LANGUAGE`,`KEY_NAME`,`KEY_VALUE`,`REPLACEMENT_ENABLED`,`HTML_ENABLED`,`DESCRIPTION`) VALUES (14280,8,'fr','format.date_19','%1$tA',0,0,'Mercoledi');
INSERT INTO `TRANSLATIONS` (`ID_TRANSLATION`,`TRANSLATION_TYPE`,`LANGUAGE`,`KEY_NAME`,`KEY_VALUE`,`REPLACEMENT_ENABLED`,`HTML_ENABLED`,`DESCRIPTION`) VALUES (14281,8,'de','format.date_19','%1$tA',0,0,'Mercoledi');
INSERT INTO `TRANSLATIONS` (`ID_TRANSLATION`,`TRANSLATION_TYPE`,`LANGUAGE`,`KEY_NAME`,`KEY_VALUE`,`REPLACEMENT_ENABLED`,`HTML_ENABLED`,`DESCRIPTION`) VALUES (14282,8,'es','format.date_19','%1$tA',0,0,'Mercoledi');
INSERT INTO `TRANSLATIONS` (`ID_TRANSLATION`,`TRANSLATION_TYPE`,`LANGUAGE`,`KEY_NAME`,`KEY_VALUE`,`REPLACEMENT_ENABLED`,`HTML_ENABLED`,`DESCRIPTION`) VALUES (15442,8,'it','format.date_20','%1$td %1$tB h %1$tR',0,0,'22 Novembre h 18:00');
INSERT INTO `TRANSLATIONS` (`ID_TRANSLATION`,`TRANSLATION_TYPE`,`LANGUAGE`,`KEY_NAME`,`KEY_VALUE`,`REPLACEMENT_ENABLED`,`HTML_ENABLED`,`DESCRIPTION`) VALUES (15471,8,'pt','format.date_20','%1$td %1$tB h %1$tR',0,0,'22 Novembre h 18:00');
INSERT INTO `TRANSLATIONS` (`ID_TRANSLATION`,`TRANSLATION_TYPE`,`LANGUAGE`,`KEY_NAME`,`KEY_VALUE`,`REPLACEMENT_ENABLED`,`HTML_ENABLED`,`DESCRIPTION`) VALUES (15472,8,'en','format.date_20','%1$td %1$tB h %1$tR',0,0,'22 Novembre h 18:00');
INSERT INTO `TRANSLATIONS` (`ID_TRANSLATION`,`TRANSLATION_TYPE`,`LANGUAGE`,`KEY_NAME`,`KEY_VALUE`,`REPLACEMENT_ENABLED`,`HTML_ENABLED`,`DESCRIPTION`) VALUES (15473,8,'fr','format.date_20','%1$td %1$tB h %1$tR',0,0,'22 Novembre h 18:00');
INSERT INTO `TRANSLATIONS` (`ID_TRANSLATION`,`TRANSLATION_TYPE`,`LANGUAGE`,`KEY_NAME`,`KEY_VALUE`,`REPLACEMENT_ENABLED`,`HTML_ENABLED`,`DESCRIPTION`) VALUES (15474,8,'es','format.date_20','%1$td %1$tB h %1$tR',0,0,'22 Novembre h 18:00');
INSERT INTO `TRANSLATIONS` (`ID_TRANSLATION`,`TRANSLATION_TYPE`,`LANGUAGE`,`KEY_NAME`,`KEY_VALUE`,`REPLACEMENT_ENABLED`,`HTML_ENABLED`,`DESCRIPTION`) VALUES (15475,8,'de','format.date_20','%1$td %1$tB h %1$tR',0,0,'22 Novembre h 18:00');

CREATE TABLE `PLAYERS` (
  `ID_PLAYER` int(11) NOT NULL AUTO_INCREMENT,
  `ID_USER` int(11) DEFAULT NULL,
  `ID_PLAYER_ROLE` int(11) DEFAULT NULL,
  `PLAYER_STATUS` varchar(50) NOT NULL,
  `REQUEST_DATE` datetime DEFAULT NULL,
  `CANCELLATION_DATE` datetime DEFAULT NULL,
  `REPORTER_ENABLED` tinyint(4) NOT NULL DEFAULT '0',
  `GOALS` int(11) NOT NULL DEFAULT '0',
  `OWN_GOALS` int(11) NOT NULL DEFAULT '0',
  `PLAYER_TYPE` varchar(50) NOT NULL,
  `POSITION` int(11) NOT NULL DEFAULT '0',
  `OUT_FIRST_NAME` varchar(200) DEFAULT NULL,
  `OUT_LAST_NAME` varchar(200) DEFAULT NULL,
  `OUT_REFERENCE` varchar(200) DEFAULT NULL,
  `MOBILE` varchar(200) DEFAULT NULL,
  `VOTE` decimal(10,2) DEFAULT NULL,
  `REVIEW` text,
  PRIMARY KEY (`ID_PLAYER`)
);

INSERT INTO `PLAYERS` (`ID_PLAYER`,`ID_USER`,`ID_PLAYER_ROLE`,`PLAYER_STATUS`,`REQUEST_DATE`,`CANCELLATION_DATE`,`REPORTER_ENABLED`,`GOALS`,`OWN_GOALS`,`PLAYER_TYPE`,`POSITION`,`OUT_FIRST_NAME`,`OUT_LAST_NAME`,`OUT_REFERENCE`,`MOBILE`,`VOTE`,`REVIEW`) VALUES (259538,1,2,'USER_CALLED','2014-12-07 18:45:11',NULL,0,0,0,'TEAM_ONE',0,NULL,NULL,NULL,NULL,-1.00,NULL);
INSERT INTO `PLAYERS` (`ID_PLAYER`,`ID_USER`,`ID_PLAYER_ROLE`,`PLAYER_STATUS`,`REQUEST_DATE`,`CANCELLATION_DATE`,`REPORTER_ENABLED`,`GOALS`,`OWN_GOALS`,`PLAYER_TYPE`,`POSITION`,`OUT_FIRST_NAME`,`OUT_LAST_NAME`,`OUT_REFERENCE`,`MOBILE`,`VOTE`,`REVIEW`) VALUES (259275,1,2,'USER_CALLED','2014-12-03 18:24:54',NULL,0,0,0,'TEAM_ONE',0,NULL,NULL,NULL,NULL,-1.00,NULL);
INSERT INTO `PLAYERS` (`ID_PLAYER`,`ID_USER`,`ID_PLAYER_ROLE`,`PLAYER_STATUS`,`REQUEST_DATE`,`CANCELLATION_DATE`,`REPORTER_ENABLED`,`GOALS`,`OWN_GOALS`,`PLAYER_TYPE`,`POSITION`,`OUT_FIRST_NAME`,`OUT_LAST_NAME`,`OUT_REFERENCE`,`MOBILE`,`VOTE`,`REVIEW`) VALUES (258536,1,2,'USER_CALLED','2014-11-29 18:45:55',NULL,0,0,0,'TEAM_ONE',85,NULL,NULL,NULL,NULL,-1.00,NULL);
INSERT INTO `PLAYERS` (`ID_PLAYER`,`ID_USER`,`ID_PLAYER_ROLE`,`PLAYER_STATUS`,`REQUEST_DATE`,`CANCELLATION_DATE`,`REPORTER_ENABLED`,`GOALS`,`OWN_GOALS`,`PLAYER_TYPE`,`POSITION`,`OUT_FIRST_NAME`,`OUT_LAST_NAME`,`OUT_REFERENCE`,`MOBILE`,`VOTE`,`REVIEW`) VALUES (256845,1,2,'USER_REGISTERED','2014-11-24 11:59:55',NULL,0,0,0,'TEAM_ONE',3,NULL,NULL,NULL,NULL,-1.00,NULL);
INSERT INTO `PLAYERS` (`ID_PLAYER`,`ID_USER`,`ID_PLAYER_ROLE`,`PLAYER_STATUS`,`REQUEST_DATE`,`CANCELLATION_DATE`,`REPORTER_ENABLED`,`GOALS`,`OWN_GOALS`,`PLAYER_TYPE`,`POSITION`,`OUT_FIRST_NAME`,`OUT_LAST_NAME`,`OUT_REFERENCE`,`MOBILE`,`VOTE`,`REVIEW`) VALUES (255866,1,2,'OWNER_REGISTERED','2014-11-17 11:10:30',NULL,0,0,0,'TEAM_ONE',0,NULL,NULL,NULL,NULL,-1.00,NULL);
INSERT INTO `PLAYERS` (`ID_PLAYER`,`ID_USER`,`ID_PLAYER_ROLE`,`PLAYER_STATUS`,`REQUEST_DATE`,`CANCELLATION_DATE`,`REPORTER_ENABLED`,`GOALS`,`OWN_GOALS`,`PLAYER_TYPE`,`POSITION`,`OUT_FIRST_NAME`,`OUT_LAST_NAME`,`OUT_REFERENCE`,`MOBILE`,`VOTE`,`REVIEW`) VALUES (255730,1,2,'USER_REGISTERED','2014-11-14 13:56:33',NULL,0,0,0,'TEAM_ONE',0,NULL,NULL,NULL,'3476528137',-1.00,NULL);
INSERT INTO `PLAYERS` (`ID_PLAYER`,`ID_USER`,`ID_PLAYER_ROLE`,`PLAYER_STATUS`,`REQUEST_DATE`,`CANCELLATION_DATE`,`REPORTER_ENABLED`,`GOALS`,`OWN_GOALS`,`PLAYER_TYPE`,`POSITION`,`OUT_FIRST_NAME`,`OUT_LAST_NAME`,`OUT_REFERENCE`,`MOBILE`,`VOTE`,`REVIEW`) VALUES (255061,1,2,'USER_CALLED','2014-11-07 13:14:47',NULL,0,0,0,'TEAM_ONE',82,NULL,NULL,NULL,NULL,-1.00,NULL);
INSERT INTO `PLAYERS` (`ID_PLAYER`,`ID_USER`,`ID_PLAYER_ROLE`,`PLAYER_STATUS`,`REQUEST_DATE`,`CANCELLATION_DATE`,`REPORTER_ENABLED`,`GOALS`,`OWN_GOALS`,`PLAYER_TYPE`,`POSITION`,`OUT_FIRST_NAME`,`OUT_LAST_NAME`,`OUT_REFERENCE`,`MOBILE`,`VOTE`,`REVIEW`) VALUES (252340,1,2,'USER_CALLED','2014-11-04 14:34:04',NULL,0,0,0,'TEAM_ONE',12,NULL,NULL,NULL,NULL,-1.00,NULL);
INSERT INTO `PLAYERS` (`ID_PLAYER`,`ID_USER`,`ID_PLAYER_ROLE`,`PLAYER_STATUS`,`REQUEST_DATE`,`CANCELLATION_DATE`,`REPORTER_ENABLED`,`GOALS`,`OWN_GOALS`,`PLAYER_TYPE`,`POSITION`,`OUT_FIRST_NAME`,`OUT_LAST_NAME`,`OUT_REFERENCE`,`MOBILE`,`VOTE`,`REVIEW`) VALUES (251612,1,2,'OWNER_REGISTERED','2014-10-29 14:30:28',NULL,0,0,0,'TEAM_ONE',8,NULL,NULL,NULL,NULL,-1.00,NULL);
INSERT INTO `PLAYERS` (`ID_PLAYER`,`ID_USER`,`ID_PLAYER_ROLE`,`PLAYER_STATUS`,`REQUEST_DATE`,`CANCELLATION_DATE`,`REPORTER_ENABLED`,`GOALS`,`OWN_GOALS`,`PLAYER_TYPE`,`POSITION`,`OUT_FIRST_NAME`,`OUT_LAST_NAME`,`OUT_REFERENCE`,`MOBILE`,`VOTE`,`REVIEW`) VALUES (250306,1,2,'USER_CALLED','2014-10-20 13:41:20',NULL,0,0,0,'TEAM_ONE',67,NULL,NULL,NULL,NULL,-1.00,NULL);


CREATE TABLE `PLAYERS_TO_MATCHES` (
  `ID_MATCH` int(11) NOT NULL,
  `ID_PLAYER` int(11) NOT NULL,
  PRIMARY KEY (`ID_MATCH`,`ID_PLAYER`));

INSERT INTO `PLAYERS_TO_MATCHES` (`ID_MATCH`,`ID_PLAYER`) VALUES (8009,250306);
INSERT INTO `PLAYERS_TO_MATCHES` (`ID_MATCH`,`ID_PLAYER`) VALUES (8074,251612);
INSERT INTO `PLAYERS_TO_MATCHES` (`ID_MATCH`,`ID_PLAYER`) VALUES (8099,252340);
INSERT INTO `PLAYERS_TO_MATCHES` (`ID_MATCH`,`ID_PLAYER`) VALUES (8138,255061);
INSERT INTO `PLAYERS_TO_MATCHES` (`ID_MATCH`,`ID_PLAYER`) VALUES (8176,255730);
INSERT INTO `PLAYERS_TO_MATCHES` (`ID_MATCH`,`ID_PLAYER`) VALUES (8189,255866);
INSERT INTO `PLAYERS_TO_MATCHES` (`ID_MATCH`,`ID_PLAYER`) VALUES (8237,256845);
INSERT INTO `PLAYERS_TO_MATCHES` (`ID_MATCH`,`ID_PLAYER`) VALUES (8220,258536);
INSERT INTO `PLAYERS_TO_MATCHES` (`ID_MATCH`,`ID_PLAYER`) VALUES (8300,259275);
INSERT INTO `PLAYERS_TO_MATCHES` (`ID_MATCH`,`ID_PLAYER`) VALUES (8316,259538);


INSERT INTO `MATCHES` (`ID_MATCH`,`ID_USER_OWNER`,`ID_SPORTS_CENTER`,`ID_MATCH_TYPE`,`EMAIL_USER_OWNER`,`MOBILE_USER_OWNER`,`MATCH_START`,`NOTES`,`MAX_PLAYERS`,`SQUAD_OUT_ENABLED`,`DIRECTLY_REGISTRATION`,`MAX_SQUAD_OUT_PLAYERS`,`ACCEPT_TERMINATION`,`ACCEPT_TERMINATION_LIMIT`,`REGISTRATION_START`,`REGISTRATION_CLOSED`,`SPORTS_CENTER_NAME`,`SPORTS_CENTER_ADDRESS`,`SPORTS_CENTER_CITY`,`TEAM_NAME_ONE`,`TEAM_NAME_TWO`,`TEAM_SHIRT_ONE`,`TEAM_SHIRT_TWO`,`TEAM_GOALS_ONE`,`TEAM_GOALS_TWO`,`COMMENT`,`RECORDED`,`RECORDED_DATE`,`CANCELED`,`CREATED`,`NOTIFIED`,`LAST_COMMENT`) VALUES (8009,437,264,5,NULL,'3890796807','2014-10-25 16:00:00','Solita partitella del Sabato del Villaggio di Città Studi...campo allaperto con costo di 4 euro a persona...Portarsi una maglia chiara e una scura!! Vi aspetto',10,1,1,10,0,NULL,NULL,0,'C.S. Giuriati','via Pascal 6','Milano (MI)','Tisane','Red Bull','Bianca','Rossa',9,10,'Partita difficile da organizzare per via del K.O del sito ma che ci regala un bel pomeriggio di calcetto tra amici contornata da un clima decisamente più fresco rispetto le ultime uscite....Risultato finale 9 a 10 per i Rossi che si aggiudicano una partita molto equilibrata (gol allo scadere di tempo)....\r\nDa RICORDARE lesordio a Città Studi di Fab\r\nDa DIMENTICARE le marcature su calcio dangolo fatte a Vestino\r\n\r\nGrandi tutti',1,'2014-10-31 16:19:08',0,'2014-10-20 13:40:17',1,'2014-10-31 17:35:40');
INSERT INTO `MATCHES` (`ID_MATCH`,`ID_USER_OWNER`,`ID_SPORTS_CENTER`,`ID_MATCH_TYPE`,`EMAIL_USER_OWNER`,`MOBILE_USER_OWNER`,`MATCH_START`,`NOTES`,`MAX_PLAYERS`,`SQUAD_OUT_ENABLED`,`DIRECTLY_REGISTRATION`,`MAX_SQUAD_OUT_PLAYERS`,`ACCEPT_TERMINATION`,`ACCEPT_TERMINATION_LIMIT`,`REGISTRATION_START`,`REGISTRATION_CLOSED`,`SPORTS_CENTER_NAME`,`SPORTS_CENTER_ADDRESS`,`SPORTS_CENTER_CITY`,`TEAM_NAME_ONE`,`TEAM_NAME_TWO`,`TEAM_SHIRT_ONE`,`TEAM_SHIRT_TWO`,`TEAM_GOALS_ONE`,`TEAM_GOALS_TWO`,`COMMENT`,`RECORDED`,`RECORDED_DATE`,`CANCELED`,`CREATED`,`NOTIFIED`,`LAST_COMMENT`) VALUES (8074,1,1682,5,NULL,'3476528137','2014-11-01 11:00:00','Corso di Calcio a 5 Over 18 gestito da Giovanni Gambolò, istruttore altamente qualificato con esperienza in diverse scuole calcio di Milano. Il corso è aperto a tutti alle seguenti condizioni: 1° partecipazione gratuita, dalla 2° partecipazione costo di 10€ a lezione. Iscrizione annuale da settembre a giugno 250€. Vi aspettiamo, non mancate!',10,1,1,10,0,NULL,NULL,0,'Centro Sportivo PlayMore! Moscova','Via della Moscova, 26','Milano (MI)',NULL,NULL,NULL,NULL,NULL,NULL,NULL,0,NULL,0,'2014-10-29 14:30:28',1,'2014-10-31 11:35:15');
INSERT INTO `MATCHES` (`ID_MATCH`,`ID_USER_OWNER`,`ID_SPORTS_CENTER`,`ID_MATCH_TYPE`,`EMAIL_USER_OWNER`,`MOBILE_USER_OWNER`,`MATCH_START`,`NOTES`,`MAX_PLAYERS`,`SQUAD_OUT_ENABLED`,`DIRECTLY_REGISTRATION`,`MAX_SQUAD_OUT_PLAYERS`,`ACCEPT_TERMINATION`,`ACCEPT_TERMINATION_LIMIT`,`REGISTRATION_START`,`REGISTRATION_CLOSED`,`SPORTS_CENTER_NAME`,`SPORTS_CENTER_ADDRESS`,`SPORTS_CENTER_CITY`,`TEAM_NAME_ONE`,`TEAM_NAME_TWO`,`TEAM_SHIRT_ONE`,`TEAM_SHIRT_TWO`,`TEAM_GOALS_ONE`,`TEAM_GOALS_TWO`,`COMMENT`,`RECORDED`,`RECORDED_DATE`,`CANCELED`,`CREATED`,`NOTIFIED`,`LAST_COMMENT`) VALUES (8099,4946,165,4,NULL,'3387174969','2014-11-06 21:00:00','',8,1,1,8,1,'2014-11-05 21:00:00',NULL,0,'Green Calcio Srl','via Ornato 174','Milano (MI)','Squadra 1','Squadra 2','','',0,0,'',1,'2014-11-07 13:09:48',0,'2014-11-03 10:55:30',1,'2014-11-05 20:25:59');
INSERT INTO `MATCHES` (`ID_MATCH`,`ID_USER_OWNER`,`ID_SPORTS_CENTER`,`ID_MATCH_TYPE`,`EMAIL_USER_OWNER`,`MOBILE_USER_OWNER`,`MATCH_START`,`NOTES`,`MAX_PLAYERS`,`SQUAD_OUT_ENABLED`,`DIRECTLY_REGISTRATION`,`MAX_SQUAD_OUT_PLAYERS`,`ACCEPT_TERMINATION`,`ACCEPT_TERMINATION_LIMIT`,`REGISTRATION_START`,`REGISTRATION_CLOSED`,`SPORTS_CENTER_NAME`,`SPORTS_CENTER_ADDRESS`,`SPORTS_CENTER_CITY`,`TEAM_NAME_ONE`,`TEAM_NAME_TWO`,`TEAM_SHIRT_ONE`,`TEAM_SHIRT_TWO`,`TEAM_GOALS_ONE`,`TEAM_GOALS_TWO`,`COMMENT`,`RECORDED`,`RECORDED_DATE`,`CANCELED`,`CREATED`,`NOTIFIED`,`LAST_COMMENT`) VALUES (8138,4946,165,5,NULL,'3387174969','2014-11-12 21:00:00','',10,1,1,10,1,'2014-11-11 21:00:00',NULL,0,'Green Calcio Srl','via Ornato 174','Milano (MI)','Squadra 1','Squadra 2','','',19,14,'',1,'2014-11-14 14:13:56',0,'2014-11-07 13:12:32',1,'2014-11-11 11:26:05');
INSERT INTO `MATCHES` (`ID_MATCH`,`ID_USER_OWNER`,`ID_SPORTS_CENTER`,`ID_MATCH_TYPE`,`EMAIL_USER_OWNER`,`MOBILE_USER_OWNER`,`MATCH_START`,`NOTES`,`MAX_PLAYERS`,`SQUAD_OUT_ENABLED`,`DIRECTLY_REGISTRATION`,`MAX_SQUAD_OUT_PLAYERS`,`ACCEPT_TERMINATION`,`ACCEPT_TERMINATION_LIMIT`,`REGISTRATION_START`,`REGISTRATION_CLOSED`,`SPORTS_CENTER_NAME`,`SPORTS_CENTER_ADDRESS`,`SPORTS_CENTER_CITY`,`TEAM_NAME_ONE`,`TEAM_NAME_TWO`,`TEAM_SHIRT_ONE`,`TEAM_SHIRT_TWO`,`TEAM_GOALS_ONE`,`TEAM_GOALS_TWO`,`COMMENT`,`RECORDED`,`RECORDED_DATE`,`CANCELED`,`CREATED`,`NOTIFIED`,`LAST_COMMENT`) VALUES (8176,49,1973,11,NULL,'3357604441','2014-12-13 15:00:00','BabboRunning\r\n5Km per Milano vestiti da Babbo Natale\r\nIll 50% delliscrizione al link che trovi nei post sarà utilizzato da Tribù del Mondo per sostenere lorfanotrofio\r\n Casa Marisa in Rep.Dem.del Congo.\r\n Corriamo insieme! Facciamo un bel regalo!',44,1,1,44,1,'2014-12-13 09:00:00',NULL,0,'BabboRunning Village','Piazza Castello','Milano (MI)',NULL,NULL,NULL,NULL,NULL,NULL,NULL,0,NULL,0,'2014-11-14 00:08:52',1,'2014-12-03 00:04:18');
INSERT INTO `MATCHES` (`ID_MATCH`,`ID_USER_OWNER`,`ID_SPORTS_CENTER`,`ID_MATCH_TYPE`,`EMAIL_USER_OWNER`,`MOBILE_USER_OWNER`,`MATCH_START`,`NOTES`,`MAX_PLAYERS`,`SQUAD_OUT_ENABLED`,`DIRECTLY_REGISTRATION`,`MAX_SQUAD_OUT_PLAYERS`,`ACCEPT_TERMINATION`,`ACCEPT_TERMINATION_LIMIT`,`REGISTRATION_START`,`REGISTRATION_CLOSED`,`SPORTS_CENTER_NAME`,`SPORTS_CENTER_ADDRESS`,`SPORTS_CENTER_CITY`,`TEAM_NAME_ONE`,`TEAM_NAME_TWO`,`TEAM_SHIRT_ONE`,`TEAM_SHIRT_TWO`,`TEAM_GOALS_ONE`,`TEAM_GOALS_TWO`,`COMMENT`,`RECORDED`,`RECORDED_DATE`,`CANCELED`,`CREATED`,`NOTIFIED`,`LAST_COMMENT`) VALUES (8189,1,1682,5,NULL,'3476528137','2014-12-13 11:00:00','Amichevole tra i ragazzi del Corso di Calcetto del Sabato e il gruppo del martedì di Mario! Portare maglia chiara e scura. Appuntamento ore 11:00 in campo, puntuali mi raccomando!',12,1,1,12,0,NULL,NULL,0,'Centro Sportivo PlayMore! Moscova','Via della Moscova, 26','Milano (MI)',NULL,NULL,NULL,NULL,NULL,NULL,NULL,0,NULL,0,'2014-11-17 11:10:30',1,'2014-11-17 22:33:53');
INSERT INTO `MATCHES` (`ID_MATCH`,`ID_USER_OWNER`,`ID_SPORTS_CENTER`,`ID_MATCH_TYPE`,`EMAIL_USER_OWNER`,`MOBILE_USER_OWNER`,`MATCH_START`,`NOTES`,`MAX_PLAYERS`,`SQUAD_OUT_ENABLED`,`DIRECTLY_REGISTRATION`,`MAX_SQUAD_OUT_PLAYERS`,`ACCEPT_TERMINATION`,`ACCEPT_TERMINATION_LIMIT`,`REGISTRATION_START`,`REGISTRATION_CLOSED`,`SPORTS_CENTER_NAME`,`SPORTS_CENTER_ADDRESS`,`SPORTS_CENTER_CITY`,`TEAM_NAME_ONE`,`TEAM_NAME_TWO`,`TEAM_SHIRT_ONE`,`TEAM_SHIRT_TWO`,`TEAM_GOALS_ONE`,`TEAM_GOALS_TWO`,`COMMENT`,`RECORDED`,`RECORDED_DATE`,`CANCELED`,`CREATED`,`NOTIFIED`,`LAST_COMMENT`) VALUES (8220,6582,159,5,NULL,NULL,'2014-12-01 21:00:00','Costo del campo euro 65',10,1,1,10,0,NULL,NULL,0,'Sporting Club Corvetto','via Fabio Massimo 15/4','Milano (MI)','Eureka ','Eureka','Pettorine arancioni','Maglie miste',11,8,'',1,'2014-12-05 10:26:01',0,'2014-11-20 16:04:36',1,'2014-12-01 12:02:27');
INSERT INTO `MATCHES` (`ID_MATCH`,`ID_USER_OWNER`,`ID_SPORTS_CENTER`,`ID_MATCH_TYPE`,`EMAIL_USER_OWNER`,`MOBILE_USER_OWNER`,`MATCH_START`,`NOTES`,`MAX_PLAYERS`,`SQUAD_OUT_ENABLED`,`DIRECTLY_REGISTRATION`,`MAX_SQUAD_OUT_PLAYERS`,`ACCEPT_TERMINATION`,`ACCEPT_TERMINATION_LIMIT`,`REGISTRATION_START`,`REGISTRATION_CLOSED`,`SPORTS_CENTER_NAME`,`SPORTS_CENTER_ADDRESS`,`SPORTS_CENTER_CITY`,`TEAM_NAME_ONE`,`TEAM_NAME_TWO`,`TEAM_SHIRT_ONE`,`TEAM_SHIRT_TWO`,`TEAM_GOALS_ONE`,`TEAM_GOALS_TWO`,`COMMENT`,`RECORDED`,`RECORDED_DATE`,`CANCELED`,`CREATED`,`NOTIFIED`,`LAST_COMMENT`) VALUES (8237,3129,1682,8,NULL,'3206412252','2014-12-20 10:00:00','Calcio dalle 10 alle 13. Rivisitazione moderna sulle indicazioni del Presidentissimo e Fabrizio Fioretti dello storico Playxmas Di Giovanni de Padova. Info nel primo post.',30,1,1,30,0,NULL,NULL,0,'Centro Sportivo PlayMore! Moscova','Via della Moscova, 26','Milano (MI)',NULL,NULL,NULL,NULL,NULL,NULL,NULL,0,NULL,0,'2014-11-24 11:58:51',1,'2014-12-08 17:23:09');
INSERT INTO `MATCHES` (`ID_MATCH`,`ID_USER_OWNER`,`ID_SPORTS_CENTER`,`ID_MATCH_TYPE`,`EMAIL_USER_OWNER`,`MOBILE_USER_OWNER`,`MATCH_START`,`NOTES`,`MAX_PLAYERS`,`SQUAD_OUT_ENABLED`,`DIRECTLY_REGISTRATION`,`MAX_SQUAD_OUT_PLAYERS`,`ACCEPT_TERMINATION`,`ACCEPT_TERMINATION_LIMIT`,`REGISTRATION_START`,`REGISTRATION_CLOSED`,`SPORTS_CENTER_NAME`,`SPORTS_CENTER_ADDRESS`,`SPORTS_CENTER_CITY`,`TEAM_NAME_ONE`,`TEAM_NAME_TWO`,`TEAM_SHIRT_ONE`,`TEAM_SHIRT_TWO`,`TEAM_GOALS_ONE`,`TEAM_GOALS_TWO`,`COMMENT`,`RECORDED`,`RECORDED_DATE`,`CANCELED`,`CREATED`,`NOTIFIED`,`LAST_COMMENT`) VALUES (8300,860,268,7,NULL,'3938581376','2014-12-10 20:30:00','7vs7, maglia bianca o scura, 6,10 euro.',14,1,1,14,0,NULL,NULL,0,'S.S.D. Ausonia','via Bonfadini 18 ang. via Varsavia','Milano (MI)',NULL,NULL,NULL,NULL,NULL,NULL,NULL,0,NULL,0,'2014-12-03 16:46:36',1,'2014-12-08 17:13:18');
INSERT INTO `MATCHES` (`ID_MATCH`,`ID_USER_OWNER`,`ID_SPORTS_CENTER`,`ID_MATCH_TYPE`,`EMAIL_USER_OWNER`,`MOBILE_USER_OWNER`,`MATCH_START`,`NOTES`,`MAX_PLAYERS`,`SQUAD_OUT_ENABLED`,`DIRECTLY_REGISTRATION`,`MAX_SQUAD_OUT_PLAYERS`,`ACCEPT_TERMINATION`,`ACCEPT_TERMINATION_LIMIT`,`REGISTRATION_START`,`REGISTRATION_CLOSED`,`SPORTS_CENTER_NAME`,`SPORTS_CENTER_ADDRESS`,`SPORTS_CENTER_CITY`,`TEAM_NAME_ONE`,`TEAM_NAME_TWO`,`TEAM_SHIRT_ONE`,`TEAM_SHIRT_TWO`,`TEAM_GOALS_ONE`,`TEAM_GOALS_TWO`,`COMMENT`,`RECORDED`,`RECORDED_DATE`,`CANCELED`,`CREATED`,`NOTIFIED`,`LAST_COMMENT`) VALUES (8316,20,36,11,NULL,'3357324319','2014-12-11 20:30:00','Supporto alla selezione Gokick.org!\r\nVenite a fare il tifo e vedere i ragazzi giocare la partita più importante di questo girone di andata del campionato provinciale di Sportland.\r\nDopo sette vittorie, un pareggio e una sconfitta, la Selezione di GoKick è prima in classifica con un punto di vantaggio su AIMB, che sfiderà proprio questa sera in una partita che determinerà le gerarchie del girone di andata. La nostra forza è anche la community, venite a urlare per noi! :)',44,1,1,44,1,'2014-12-10 20:30:00',NULL,0,'A.S. Calvairate','via Vismara 3','Milano (MI)',NULL,NULL,NULL,NULL,NULL,NULL,NULL,0,NULL,0,'2014-12-07 18:40:23',1,NULL);









